Ticker,Earning Date
DG,2024-03-14
DG,2023-12-07
DG,2023-08-31
DG,2023-06-01
DG,2023-03-16
DG,2022-12-01
DG,2022-08-25
DG,2022-05-26
DG,2022-03-17
DG,2021-12-02
DG,2021-08-26
DG,2021-05-27
DG,2021-03-18
DG,2020-12-03
DG,2020-08-27
DG,2020-05-28
DG,2020-03-12
DG,2019-12-05
DG,2019-08-29
DG,2019-05-30
DG,2019-03-14
DG,2018-12-04
DG,2018-08-30
DG,2018-05-31
DG,2018-03-15
DG,2017-12-07
DG,2017-08-31
DG,2017-06-01
DG,2017-03-16
DG,2016-12-01
DG,2016-08-25
DG,2016-05-26
DG,2016-03-10
DG,2015-12-03
DG,2015-08-27
DG,2015-06-02
DG,2015-03-12
DG,2024-06-06
