Ticker,Date,Price,sell_price,sell_date,date_number_buy,date_number_sell
SPSC,1/4/2022,135.39,142.26,11/30/2022,2017,2245
KMX,1/4/2022,123.86,,,2017,
MANH,1/4/2022,147.94,156.64,4/3/2023,2017,2329
LULU,1/4/2022,380.82,404.66,4/19/2022,2017,2089
ADBE,1/5/2022,514.43,546.17,7/31/2023,2018,2410
ADSK,1/5/2022,264.32,,,2018,
MPWR,1/5/2022,460.53,487.57,2/16/2022,2018,2047
PEGA,1/5/2022,97.26,104.07,1/11/2022,2018,2022
VEEV,1/5/2022,241.57,,,2018,
AZTA,1/5/2022,95.28,,,2018,
POWI,1/5/2022,86.63,92.88,2/16/2022,2018,2047
AMRC,1/5/2022,70.55,76.71,3/8/2022,2018,2060
ALNY,1/5/2022,155.09,163.2,3/2/2022,2018,2056
PRFT,1/5/2022,116.46,,,2018,
HASI,1/5/2022,49.86,,,2018,
AMBA,1/5/2022,165.4,,,2018,
BX,1/5/2022,117.79,124.28,1/28/2022,2018,2034
HUM,1/6/2022,367.53,391.66,1/11/2022,2019,2022
ALGN,1/6/2022,567.62,,,2019,
NFLX,1/6/2022,553.29,593.46,2/15/2024,2019,2548
EPAM,1/7/2022,556.68,,,2020,
MWA,1/7/2022,13.88,14.94,5/5/2023,2020,2352
TECH,1/7/2022,103.82,111.4,3/18/2022,2020,2068
SSTK,1/7/2022,98.8,,,2020,
CYTK,1/7/2022,35.15,39.12,2/9/2022,2020,2042
PODD,1/10/2022,240.7,253.19,2/2/2022,2021,2037
ITCI,1/10/2022,41,43.07,1/14/2022,2021,2025
LSCC,1/12/2022,66.86,70.24,11/23/2022,2023,2241
BURL,1/13/2022,239.17,,,2024,
DSGX,1/13/2022,71.09,76.26,3/16/2022,2024,2066
INTU,1/13/2022,552.92,586.66,12/11/2023,2024,2503
MASI,1/13/2022,237.69,,,2024,
NOW,1/13/2022,521.26,561.08,1/28/2022,2024,2034
PEGA,1/13/2022,99.02,,,2024,
TTEK,1/13/2022,152.01,159.97,3/4/2022,2024,2058
TREX,1/13/2022,110.73,,,2024,
BIO,1/14/2022,628.23,,,2025,
IDXX,1/14/2022,529.35,556.67,7/25/2023,2025,2406
MSCI,1/14/2022,526.74,554.71,2/4/2022,2025,2039
FIVE,1/14/2022,173.31,182.37,4/19/2022,2025,2089
EVO,1/14/2022,20.07,,,2025,
FOXF,1/14/2022,149.42,,,2025,
TTWO,1/14/2022,152.58,163.36,1/19/2022,2025,2027
TROW,1/14/2022,174.97,,,2025,
TPL,1/14/2022,1111.77,1188.73,2/28/2022,2025,2054
EXPO,1/18/2022,95.9,101.47,3/18/2022,2026,2068
TFII,1/18/2022,95.1,99.95,1/20/2022,2026,2028
TTEC,1/18/2022,79.33,84.21,3/17/2022,2026,2067
WST,1/18/2022,372.16,393.03,1/28/2022,2026,2034
ALB,1/18/2022,226.3,241.39,2/15/2022,2026,2046
GWRE,1/18/2022,101.66,107.03,12/21/2023,2026,2511
CDNS,1/19/2022,153.17,162.12,3/24/2022,2027,2072
SLAB,1/19/2022,167.4,179,2/1/2023,2027,2287
MXL,1/19/2022,61.33,65.13,2/9/2022,2027,2042
EFX,1/19/2022,233.92,246.69,12/14/2023,2027,2506
ASML,1/19/2022,698.82,735.93,5/26/2023,2027,2367
AMD,1/19/2022,128.27,137.61,12/12/2023,2027,2504
LAZ,1/19/2022,41.81,44.21,2/1/2022,2027,2036
ITCI,1/19/2022,38.74,42.66,1/21/2022,2027,2029
DOOR,1/19/2022,99,104.1,1/24/2022,2027,2030
AAON,1/20/2022,43.8067,49.8333,11/8/2022,2028,2230
APTV,1/20/2022,142,,,2028,
NOVT,1/20/2022,142.63,150.08,7/22/2022,2028,2154
ORCL,1/20/2022,82.72,88.6,1/11/2023,2028,2273
RBC,1/20/2022,192.82,204.47,7/14/2022,2028,2148
XYL,1/20/2022,106.52,112.13,11/15/2022,2028,2235
NVEE,1/20/2022,108.38,121.02,3/1/2022,2028,2055
DIOD,1/20/2022,88.7,93.65,2/8/2022,2028,2041
ACLS,1/20/2022,60.94,67.28,2/8/2022,2028,2041
AMN,1/20/2022,96.65,101.63,2/1/2022,2028,2036
CVCO,1/20/2022,257.53,274.38,2/2/2022,2028,2037
SHOO,1/20/2022,39.59,42.15,1/24/2022,2028,2030
DORM,1/20/2022,96.75,102.42,5/17/2022,2028,2109
PIPR,1/20/2022,149.48,159.01,2/13/2023,2028,2295
AMZN,1/21/2022,142.643,151.1935,2/1/2022,2029,2036
ANSS,1/21/2022,325.74,347.27,7/13/2023,2029,2398
AVGO,1/21/2022,533.23,560.1,1/28/2022,2029,2034
BEP,1/21/2022,32.27,34.66,2/9/2022,2029,2042
DPZ,1/21/2022,434.81,458.3,2/1/2022,2029,2036
EL,1/21/2022,297.02,315.02,2/1/2022,2029,2036
ISRG,1/21/2022,269.53,284.18,1/31/2022,2029,2035
NVMI,1/21/2022,114.22,121.37,2/9/2022,2029,2042
ROL,1/21/2022,31.32,33.16,3/1/2022,2029,2055
ROST,1/21/2022,95.43,102.19,4/12/2022,2029,2085
CBRL,1/21/2022,115.46,124.83,2/8/2022,2029,2041
ZD,1/21/2022,103.62,,,2029,
CHDN,1/21/2022,101.66,108.205,2/8/2022,2029,2041
ACAD,1/21/2022,21.18,22.45,1/24/2022,2029,2030
BRKR,1/21/2022,66.47,72.37,2/9/2022,2029,2042
TRMB,1/21/2022,70.62,74.61,4/4/2022,2029,2079
CLH,1/21/2022,93.15,99.17,3/2/2022,2029,2056
DIS,1/21/2022,137.38,144.49,2/1/2022,2029,2036
JBT,1/21/2022,137.44,,,2029,
CPRT,1/21/2022,31.6725,33.28,11/30/2022,2029,2245
TSLA,1/24/2022,310,331.3267,3/22/2022,2030,2070
AB,1/25/2022,45.09,48.58,2/1/2022,2031,2036
GM,1/25/2022,51.9,,,2031,
ZTS,1/25/2022,195.25,,,2031,
ACN,1/26/2022,329.89,353.58,1/31/2022,2032,2035
ADP,1/26/2022,197.46,207.9,2/2/2022,2032,2037
APO,1/26/2022,63.55,68.16,1/28/2022,2032,2034
BMI,1/26/2022,87.74,94.45,1/28/2022,2032,2034
BWXT,1/26/2022,45.57,48.6,2/24/2022,2032,2052
DGX,1/26/2022,135.4,143.29,3/16/2022,2032,2066
DHI,1/26/2022,85.85,90.85,2/2/2022,2032,2037
ECL,1/26/2022,185.25,198.5,12/13/2023,2032,2505
FSS,1/26/2022,38.43,40.59,7/28/2022,2032,2158
LFUS,1/26/2022,262.85,278.2,6/2/2022,2032,2120
MCO,1/26/2022,324.54,343,1/31/2022,2032,2035
MORN,1/26/2022,265.72,287.41,1/31/2022,2032,2035
NDAQ,1/26/2022,56.5,59.7367,1/31/2022,2032,2035
NEE,1/26/2022,72.64,78.12,1/31/2022,2032,2035
NICE,1/26/2022,235.99,256.06,1/31/2022,2032,2035
PNR,1/26/2022,62.33,65.71,7/11/2023,2032,2396
POOL,1/26/2022,451.26,476.25,1/31/2022,2032,2035
RTO,1/26/2022,34.31,36.22,2/2/2022,2032,2037
SNPS,1/26/2022,288.56,310.5,1/31/2022,2032,2035
TYL,1/26/2022,437.23,473.8,1/31/2022,2032,2035
RBA,1/26/2022,59.39,62.74,2/9/2022,2032,2042
WDAY,1/26/2022,225.04,238.18,1/28/2022,2032,2034
UHAL,1/26/2022,60.143,63.3,11/30/2022,2032,2245
AL,1/26/2022,39.24,41.42,2/8/2022,2032,2041
HALO,1/26/2022,32.35,34.61,1/31/2022,2032,2035
TGT,1/26/2022,211.71,224.9,3/2/2022,2032,2056
DOOR,1/26/2022,99.57,105.75,7/18/2023,2032,2401
SHOO,1/26/2022,39.73,42.33,2/8/2022,2032,2041
LEN,1/26/2022,93.15,98.58,1/11/2023,2032,2273
^RUT,1/27/2022,1931.29,2028.45,1/31/2022,2033,2035
EW,1/27/2022,101.96,109.2,1/31/2022,2033,2035
EXLS,1/27/2022,23,24.382,2/1/2022,2033,2036
MKTX,1/27/2022,330.12,350.72,2/1/2022,2033,2036
ODFL,1/27/2022,285.98,301.93,1/31/2022,2033,2035
PLXS,1/27/2022,74.57,78.3,2/1/2022,2033,2036
SBAC,1/27/2022,306.18,325.44,1/31/2022,2033,2035
WTS,1/27/2022,147.88,156.65,2/1/2022,2033,2036
SAFE,1/27/2022,100.7593,107.5253,2/1/2022,2033,2036
LPX,1/27/2022,62.92,66.44,1/31/2022,2033,2035
SHO,1/27/2022,10.51,11.31,1/31/2022,2033,2035
TPX,1/27/2022,37,39.81,1/31/2022,2033,2035
HXL,1/27/2022,49.3,52.17,1/31/2022,2033,2035
ACHC,1/27/2022,50.85,53.5,2/2/2022,2033,2037
RCL,1/28/2022,74.52,81.23,2/1/2022,2034,2036
WAL,1/28/2022,95.2,102.39,2/8/2022,2034,2041
AMZN,2/3/2022,138.8455,157.6395,2/4/2022,2038,2039
DPZ,2/3/2022,443.79,,,2038,
NOW,2/3/2022,560.85,591.27,2/8/2022,2038,2041
POOL,2/3/2022,458.05,487.41,3/18/2022,2038,2068
TT,2/3/2022,161.58,169.92,11/8/2022,2038,2230
WTS,2/3/2022,150.3,158.83,11/22/2022,2038,2240
WDAY,2/3/2022,233.02,248.39,3/2/2022,2038,2056
DIS,2/3/2022,140.03,147.23,2/9/2022,2038,2042
CHRW,2/4/2022,88.73,96.2,2/24/2022,2039,2052
DHI,2/4/2022,84.02,88.75,2/9/2022,2039,2042
DLB,2/4/2022,75.86,80.75,8/12/2022,2039,2169
LRCX,2/4/2022,579.07,628.25,5/26/2023,2039,2367
MTH,2/4/2022,92.84,97.74,2/25/2022,2039,2053
ROK,2/4/2022,280.68,298.05,2/15/2023,2039,2297
MDC,2/4/2022,43.68,46.49,6/27/2023,2039,2387
SWKS,2/4/2022,135.1,143.94,2/9/2022,2039,2042
RCL,2/4/2022,75.58,81.96,2/7/2022,2039,2040
ACHC,2/4/2022,52.14,54.84,2/16/2022,2039,2047
URI,2/4/2022,312.29,334.19,2/9/2022,2039,2042
AVY,2/7/2022,181.47,193.12,8/3/2022,2040,2162
PLXS,2/7/2022,77.43,82.5,2/15/2022,2040,2046
SHW,2/7/2022,279.22,294.82,12/12/2023,2040,2504
GEF,2/7/2022,56.49,61.22,2/15/2022,2040,2046
ISRG,2/8/2022,283.39,299.01,3/2/2022,2041,2056
ESE,2/10/2022,71.89,76.65,7/28/2022,2043,2158
ACN,2/11/2022,329.18,348.75,12/21/2023,2044,2511
APD,2/11/2022,244.39,257.45,6/6/2022,2044,2122
AWK,2/11/2022,149.46,161.04,3/4/2022,2044,2058
BLK,2/11/2022,772.49,819,12/15/2023,2044,2507
DHI,2/11/2022,84.24,90.45,12/15/2022,2044,2256
DLR,2/11/2022,136.29,144.71,3/29/2022,2044,2075
EQIX,2/11/2022,671.52,705.49,2/24/2022,2044,2052
EXPD,2/11/2022,107.22,114.83,5/17/2022,2044,2109
IEX,2/11/2022,189.84,199.72,7/27/2022,2044,2157
LII,2/11/2022,263.23,276.66,3/18/2022,2044,2068
MSCI,2/11/2022,534.26,568.44,2/2/2023,2044,2288
MSI,2/11/2022,216,226.84,3/16/2022,2044,2066
NVMI,2/11/2022,112.46,118.48,2/15/2022,2044,2046
RTO,2/11/2022,34.4,36.51,3/31/2023,2044,2328
SNPS,2/11/2022,295.29,311.15,2/25/2022,2044,2053
TER,2/11/2022,113.09,119.11,2/16/2022,2044,2047
DIOD,2/11/2022,89.65,94.38,3/29/2022,2044,2075
MXL,2/11/2022,57.82,63.49,2/15/2022,2044,2046
RBA,2/11/2022,57.39,60.3,3/17/2022,2044,2067
MCHP,2/11/2022,71.33,74.98,2/15/2022,2044,2046
PODD,2/11/2022,248.06,262.37,2/25/2022,2044,2053
KMPR,2/11/2022,51.12,53.95,3/7/2022,2044,2059
SIMO,2/11/2022,75.49,87.02,4/25/2022,2044,2093
FFIV,2/11/2022,195.82,206.13,3/21/2022,2044,2069
WAL,2/11/2022,97.06,,,2044,
EVR,2/11/2022,123.26,129.81,1/31/2023,2044,2286
ZBRA,2/11/2022,441.74,,,2044,
SBAC,2/14/2022,309.35,326.03,3/3/2022,2045,2057
SPGI,2/14/2022,380.71,400.5,3/3/2022,2045,2057
PUK,2/14/2022,31.99,34.34,1/26/2023,2045,2283
BRKR,2/14/2022,66.22,69.6,2/24/2022,2045,2052
LAZ,2/14/2022,37.95,39.99,1/20/2023,2045,2279
AMT,2/15/2022,233.39,245.14,3/17/2022,2046,2067
CCI,2/15/2022,165.6,175.84,3/3/2022,2046,2057
ICLR,2/15/2022,242.36,257.69,4/7/2022,2046,2082
CYTK,2/16/2022,36.72,40.04,4/4/2022,2047,2079
A,2/17/2022,130.25,137.17,3/3/2022,2048,2057
MORN,2/17/2022,273.75,291.12,4/7/2022,2048,2082
NICE,2/17/2022,239.25,,,2048,
ODFL,2/17/2022,289.74,314.03,2/28/2022,2048,2054
PFE,2/17/2022,48.9,52.25,3/14/2022,2048,2064
TYL,2/17/2022,428.62,451.63,3/29/2022,2048,2075
AMN,2/17/2022,93.29,104.65,2/18/2022,2048,2049
TPX,2/17/2022,37.29,39.67,1/13/2023,2048,2275
EXLS,2/18/2022,22.804,23.98,2/25/2022,2049,2053
FAST,2/18/2022,51.2,53.97,3/4/2022,2049,2058
NVMI,2/18/2022,114.94,123,7/28/2023,2049,2409
TER,2/18/2022,114.83,120.6,3/17/2022,2049,2067
MXL,2/18/2022,60.83,,,2049,
HALO,2/18/2022,32.72,35.28,2/24/2022,2049,2052
ERIC,2/18/2022,10.06,,,2049,
AB,2/22/2022,42.22,45.64,2/25/2022,2050,2053
AWI,2/22/2022,92.23,97.98,12/14/2023,2050,2506
BAH,2/22/2022,71.38,75.14,2/24/2022,2050,2052
EL,2/22/2022,295.68,,,2050,
HD,2/22/2022,316.17,336.36,3/17/2022,2050,2067
INTC,2/22/2022,44.69,47.71,2/25/2022,2050,2053
MPWR,2/22/2022,450.11,494.62,3/24/2022,2050,2072
NEE,2/22/2022,73.78,78.27,2/28/2022,2050,2054
TMO,2/22/2022,529.89,556.45,3/2/2022,2050,2056
TRNO,2/22/2022,68.18,73.08,3/18/2022,2050,2068
WST,2/22/2022,369.13,391.24,3/3/2022,2050,2057
HELE,2/22/2022,200.04,210.5,3/3/2022,2050,2057
MAS,2/22/2022,55.91,59.01,7/12/2023,2050,2397
FWRD,2/22/2022,98.63,104.15,3/3/2022,2050,2057
SONY,2/22/2022,102.68,,,2050,
NTES,2/22/2022,91.37,99.72,2/25/2022,2050,2053
ADP,2/23/2022,196.29,206.29,3/2/2022,2051,2056
CLX,2/23/2022,147.54,157.43,5/9/2022,2051,2103
CTAS,2/23/2022,363.91,382.11,3/15/2022,2051,2065
DG,2/23/2022,188.34,198.99,2/25/2022,2051,2053
DHR,2/23/2022,232.6153,247.5621,2/25/2022,2051,2053
G,2/23/2022,42.17,44.51,3/18/2022,2051,2068
IQV,2/23/2022,223.08,240.31,4/1/2022,2051,2078
J,2/23/2022,117.51,126.51,3/2/2022,2051,2056
JCI,2/23/2022,63.83,67.12,3/29/2022,2051,2075
KAI,2/23/2022,190.57,202.22,3/3/2022,2051,2057
MCO,2/23/2022,318.89,335.76,3/28/2022,2051,2074
NKE,2/23/2022,136.83,,,2051,
NOW,2/23/2022,524.7,573.95,2/24/2022,2051,2052
PHM,2/23/2022,44.87,48.66,2/25/2022,2051,2053
SAP,2/23/2022,110.98,116.68,1/12/2023,2051,2274
SBUX,2/23/2022,89.65,96.26,11/10/2022,2051,2232
VRSK,2/23/2022,177.62,187.7,3/4/2022,2051,2058
VRSN,2/23/2022,202.94,214.19,2/25/2022,2051,2053
JBL,2/23/2022,57.2,61.21,3/16/2022,2051,2066
CWST,2/23/2022,70.24,75.36,2/25/2022,2051,2053
NVR,2/23/2022,4636.5801,4917.4902,2/25/2022,2051,2053
STAG,2/23/2022,38.14,40.84,3/17/2022,2051,2067
SWK,2/23/2022,155.63,164.31,3/2/2022,2051,2056
SPG,2/23/2022,134.07,146.58,12/14/2023,2051,2506
NLY,2/23/2022,27.16,28.56,3/9/2022,2051,2061
LPX,2/23/2022,62.88,66.16,2/24/2022,2051,2052
CE,2/23/2022,138.5,146.33,3/29/2022,2051,2075
PZZA,2/23/2022,106.54,,,2051,
PTCT,2/23/2022,35.63,37.8,3/18/2022,2051,2068
CWT,2/24/2022,56.86,59.83,3/7/2022,2052,2059
PLXS,2/24/2022,78.26,82.27,3/9/2022,2052,2061
TSM,2/24/2022,111.88,118.79,2/5/2024,2052,2540
HTH,2/24/2022,30.18,32.42,1/27/2023,2052,2284
PPG,2/24/2022,137.71,145.37,6/29/2023,2052,2389
ING,2/24/2022,12.6,13.24,1/10/2023,2052,2272
BKNG,3/1/2022,2072,2202.4399,3/16/2022,2055,2066
PRI,3/1/2022,124.42,131.36,3/16/2022,2055,2066
EEFT,3/1/2022,114.19,120,3/15/2022,2055,2065
NTRS,3/1/2022,106.3,116.01,3/16/2022,2055,2066
MCHP,3/1/2022,67.9,71.62,3/15/2022,2055,2065
MTZ,3/1/2022,76.51,81.96,3/10/2022,2055,2062
BK,3/1/2022,50.58,54.85,1/12/2024,2055,2525
MGA,3/1/2022,68.1,,,2055,
UGI,3/1/2022,36.42,38.89,5/13/2022,2055,2107
SKY,3/1/2022,66.88,71.04,3/17/2022,2055,2067
STT,3/1/2022,80.89,87.45,3/16/2022,2055,2066
NTES,3/3/2022,86.54,93.31,3/16/2022,2057,2066
CIGI,3/4/2022,124.42,131.3,3/17/2022,2058,2067
GNTX,3/4/2022,28.47,30.55,4/25/2022,2058,2093
NOK,3/4/2022,4.8,5.1,3/15/2022,2058,2065
ITT,3/4/2022,79.89,84.14,11/15/2022,2058,2235
THRM,3/4/2022,70.56,74.13,3/16/2022,2058,2066
FCNCA,3/4/2022,710.66,758.13,3/16/2022,2058,2066
MS,3/4/2022,86.36,91.76,3/16/2022,2058,2066
JPM,3/4/2022,134.4,142.62,3/22/2022,2058,2070
RCL,3/4/2022,69.6,74.55,3/16/2022,2058,2066
AL,3/4/2022,36.55,38.42,3/14/2022,2058,2064
SKX,3/4/2022,37.44,39.57,3/18/2022,2058,2068
IBN,3/4/2022,17.46,18.35,3/15/2022,2058,2065
BBVA,3/4/2022,5.29,5.56,3/14/2022,2058,2064
AB,3/7/2022,40.96,44.88,3/9/2022,2059,2061
ADI,3/7/2022,146.28,153.62,3/9/2022,2059,2061
AMZN,3/7/2022,137.453,146.8175,3/10/2022,2059,2062
APO,3/7/2022,58.29,63.29,3/9/2022,2059,2061
ASH,3/7/2022,85.05,90.51,3/15/2022,2059,2065
CDW,3/7/2022,165.44,176.41,3/17/2022,2059,2067
DEO,3/7/2022,176.01,187.13,3/9/2022,2059,2061
DHR,3/7/2022,233.1738,246.383,3/16/2022,2059,2066
IFF,3/7/2022,116.14,124.98,3/16/2022,2059,2066
LIN,3/7/2022,270.99,292.77,3/9/2022,2059,2061
MA,3/7/2022,312.92,328.59,3/14/2022,2059,2064
MNST,3/7/2022,37.5,40.295,3/18/2022,2059,2068
MTH,3/7/2022,92.69,97.83,1/5/2023,2059,2269
NOW,3/7/2022,519.62,559.58,3/9/2022,2059,2061
QGEN,3/7/2022,43.79,47.09,3/16/2022,2059,2066
RPM,3/7/2022,76.89,81.42,3/15/2022,2059,2065
SCHW,3/7/2022,76.36,80.24,3/11/2022,2059,2063
TEL,3/7/2022,127.7,136.92,3/29/2022,2059,2075
TJX,3/7/2022,58.33,62.05,3/10/2022,2059,2062
TM,3/7/2022,160.17,171.89,3/16/2022,2059,2066
TXRH,3/7/2022,71.21,78.21,3/9/2022,2059,2061
WST,3/7/2022,372.88,396.76,3/16/2022,2059,2066
HTHT,3/7/2022,33.38,35.49,3/9/2022,2059,2061
COF,3/7/2022,124.8,131.91,3/9/2022,2059,2061
H,3/7/2022,82.23,88.84,3/9/2022,2059,2061
CCEP,3/7/2022,42.86,47.27,3/9/2022,2059,2061
CBRE,3/7/2022,86.46,90.97,3/16/2022,2059,2066
CIEN,3/7/2022,58.76,61.9,3/29/2022,2059,2075
LUV,3/7/2022,37.19,39.16,3/8/2022,2059,2060
GS,3/7/2022,321.89,340.76,3/16/2022,2059,2066
NVR,3/7/2022,4706.8799,4988.73,3/18/2022,2059,2068
EXPE,3/7/2022,157.01,165.69,3/8/2022,2059,2060
SBNY,3/7/2022,277.95,306.49,3/9/2022,2059,2061
FWRD,3/7/2022,94.36,100.84,3/9/2022,2059,2061
IT,3/7/2022,257.51,270.44,3/8/2022,2059,2060
PNC,3/7/2022,178.7,192.39,3/16/2022,2059,2066
SWK,3/7/2022,152.56,,,2059,
WDAY,3/7/2022,224.41,243.6,3/18/2022,2059,2068
IPAR,3/7/2022,80.47,86,3/18/2022,2059,2068
HBAN,3/7/2022,14.09,15.04,3/14/2022,2059,2064
BAC,3/7/2022,38.34,41.04,3/9/2022,2059,2061
SWKS,3/7/2022,128.77,137.52,3/22/2022,2059,2070
MGM,3/7/2022,37.48,40.28,3/9/2022,2059,2061
JLL,3/7/2022,213.63,237.49,3/16/2022,2059,2066
BRKR,3/7/2022,63.42,67.39,3/17/2022,2059,2067
CVCO,3/7/2022,257.93,271.74,3/9/2022,2059,2061
LYV,3/7/2022,100.31,106.01,3/8/2022,2059,2060
EWBC,3/7/2022,71.35,77.32,3/9/2022,2059,2061
HSBC,3/7/2022,30.59,32.18,3/9/2022,2059,2061
MTD,3/7/2022,1339.4399,1423.28,3/29/2022,2059,2075
ALK,3/7/2022,43.69,46.67,3/8/2022,2059,2060
BA,3/7/2022,169.17,178.56,3/9/2022,2059,2061
BX,3/7/2022,109.04,116.14,3/9/2022,2059,2061
SHOO,3/7/2022,38.25,40.36,3/16/2022,2059,2066
SIX,3/7/2022,36.64,38.83,3/8/2022,2059,2060
TNL,3/7/2022,46.31,49.22,3/8/2022,2059,2060
TKR,3/7/2022,59.41,62.41,3/9/2022,2059,2061
FUL,3/7/2022,63.98,67.39,3/16/2022,2059,2066
BRC,3/8/2022,43.75,46.56,3/18/2022,2060,2068
DOV,3/8/2022,146.19,155.8,3/16/2022,2060,2066
EW,3/8/2022,102,109.79,3/16/2022,2060,2066
ISRG,3/8/2022,269.32,282.95,3/17/2022,2060,2067
IX,3/8/2022,86.21,92.49,3/10/2022,2060,2062
NDAQ,3/8/2022,55,57.7733,3/16/2022,2060,2066
NDSN,3/8/2022,215.26,226.56,3/17/2022,2060,2067
PHM,3/8/2022,46.08,48.43,3/18/2022,2060,2068
RNR,3/8/2022,137.77,145.58,3/15/2022,2060,2065
TMO,3/8/2022,524,550.64,3/15/2022,2060,2065
PAC,3/8/2022,120.4,128.61,3/9/2022,2060,2061
HELE,3/8/2022,199.78,209.77,3/15/2022,2060,2065
AMP,3/8/2022,261.39,274.52,3/9/2022,2060,2061
PFSI,3/8/2022,56,59.17,8/15/2022,2060,2170
LPX,3/8/2022,61.59,65.47,3/10/2022,2060,2062
ESNT,3/8/2022,39.59,41.81,3/14/2022,2060,2064
GILD,3/10/2022,57.92,60.82,4/6/2022,2062,2081
CWT,3/11/2022,56.68,59.81,3/29/2022,2063,2075
DEO,3/11/2022,175.64,190.85,3/16/2022,2063,2066
NOW,3/11/2022,512.15,547.4,3/16/2022,2063,2066
SNPS,3/11/2022,293.69,318.21,3/18/2022,2063,2068
SPGI,3/11/2022,379.68,402.66,3/17/2022,2063,2067
VRSK,3/11/2022,182.04,195.43,3/16/2022,2063,2066
VRSN,3/11/2022,204.16,220.75,3/18/2022,2063,2068
C,3/11/2022,54.16,57.29,3/17/2022,2063,2067
ALNY,3/11/2022,154.96,163.08,3/17/2022,2063,2067
BA,3/11/2022,176.23,188.99,3/16/2022,2063,2066
MKSI,3/11/2022,142.24,152.1,3/16/2022,2063,2066
^IXIC,3/14/2022,12581.2197,13436.5498,3/16/2022,2064,2066
A,3/14/2022,127.58,135,3/16/2022,2064,2066
ADI,3/14/2022,145.63,158.57,3/16/2022,2064,2066
INTC,3/14/2022,44.4,46.63,3/16/2022,2064,2066
QQQ,3/14/2022,318.17,340.32,3/16/2022,2064,2066
TJX,3/14/2022,61.25,65.43,4/19/2022,2064,2089
MGM,3/14/2022,38.8,42.17,3/16/2022,2064,2066
ACLS,3/14/2022,59.17,64.43,3/15/2022,2064,2065
FORM,3/14/2022,37.34,41.29,3/16/2022,2064,2066
PODD,3/14/2022,211.96,238.64,3/16/2022,2064,2066
TTWO,3/14/2022,141.82,149.51,3/17/2022,2064,2067
BX,3/14/2022,108.76,116.05,3/16/2022,2064,2066
PHM,3/23/2022,44.65,47.05,12/15/2022,2071,2256
RPM,3/23/2022,79.24,83.87,3/29/2022,2071,2075
FWRD,3/23/2022,99.46,104.93,7/29/2022,2071,2159
CRH,3/23/2022,42.47,44.69,1/12/2023,2071,2274
HD,3/24/2022,315.78,332.89,12/13/2022,2072,2254
POOL,3/24/2022,450.52,,,2072,
HELE,3/24/2022,195.52,205.68,4/18/2022,2072,2088
THRM,3/24/2022,69.54,73.02,3/29/2022,2072,2075
FCNCA,3/24/2022,684.07,720.2,7/27/2022,2072,2157
IPAR,3/24/2022,85.23,91.92,11/22/2022,2072,2240
CVCO,3/24/2022,253.5,274.3,8/5/2022,2072,2164
SKY,3/24/2022,58.16,62.38,7/28/2022,2072,2158
LII,3/25/2022,260.23,278.78,2/2/2023,2073,2288
BRKR,3/28/2022,65.27,68.55,7/29/2022,2074,2159
DGX,3/31/2022,136.86,145.39,5/27/2022,2077,2117
LOW,3/31/2022,202.19,214.12,8/16/2022,2077,2171
TEL,3/31/2022,130.98,138.39,6/29/2023,2077,2389
TER,3/31/2022,118.23,,,2077,
DIOD,3/31/2022,86.99,92.23,11/30/2022,2077,2245
CIEN,3/31/2022,60.63,,,2077,
C,3/31/2022,53.4,57.09,1/30/2024,2077,2536
ABCB,3/31/2022,43.88,46.35,7/28/2022,2077,2158
BC,3/31/2022,80.89,85.34,8/15/2022,2077,2170
LPX,3/31/2022,62.12,66.5,4/20/2022,2077,2090
FAF,4/1/2022,62.82,,,2078,
KNX,4/1/2022,47.33,49.79,4/25/2022,2078,2093
LSTR,4/1/2022,139.82,147.81,4/19/2022,2078,2089
ODFL,4/1/2022,278.5,293.16,7/28/2022,2078,2158
WERN,4/1/2022,37.94,40.17,4/28/2022,2078,2096
SBNY,4/1/2022,289.82,,,2078,
PNC,4/1/2022,181.14,,,2078,
TKR,4/1/2022,59.63,63.76,5/4/2022,2078,2100
MKSI,4/1/2022,141.21,,,2078,
NYCB,4/1/2022,10.59,11.2,5/17/2023,2078,2360
KEY,4/4/2022,21.58,,,2079,
BOKF,4/4/2022,92.78,97.65,10/18/2022,2079,2215
FIBK,4/5/2022,35.58,38.07,5/27/2022,2080,2117
JBHT,4/5/2022,173.08,183.27,7/29/2022,2080,2159
ONB,4/5/2022,15.9,16.99,7/27/2022,2080,2157
GS,4/5/2022,323.96,341.06,4/20/2022,2080,2090
MIDD,4/5/2022,155.03,162.91,5/4/2022,2080,2100
SMCI,4/5/2022,36.4,44.65,4/19/2022,2080,2089
B,4/6/2022,38.06,40.14,11/23/2022,2081,2241
GBCI,4/6/2022,47.9,50.53,8/1/2022,2081,2160
TFII,4/6/2022,87.45,92.65,7/21/2022,2081,2153
HTHT,4/6/2022,34.32,38.36,6/28/2022,2081,2137
MS,4/6/2022,83.13,88.91,4/19/2022,2081,2089
JPM,4/6/2022,131.49,138.18,11/30/2022,2081,2245
SWKS,4/6/2022,124.48,,,2081,
ACLS,4/6/2022,61.8,66.55,7/21/2022,2081,2153
BA,4/6/2022,178.72,188.25,12/14/2022,2081,2255
KLAC,4/6/2022,344.25,371.27,5/27/2022,2081,2117
SKX,4/6/2022,38.63,41.52,4/19/2022,2081,2089
BBVA,4/6/2022,5.27,5.54,11/17/2022,2081,2237
ACIW,4/6/2022,27.37,29.03,4/20/2022,2081,2090
CIGI,4/7/2022,123.27,132.84,8/12/2022,2082,2169
TFC,4/7/2022,53.88,,,2082,
PNFP,4/7/2022,86.39,91.48,1/29/2024,2082,2535
HBAN,4/7/2022,13.85,14.85,10/24/2022,2082,2219
MCHP,4/7/2022,68.19,72.79,5/27/2022,2082,2117
BAC,4/7/2022,39.39,,,2082,
CADE,4/7/2022,26.67,28.12,8/15/2022,2082,2170
SFNC,4/7/2022,25.39,,,2082,
OZK,4/7/2022,40.11,42.41,8/11/2022,2082,2168
FNF,4/7/2022,42.4519,44.74,2/2/2023,2082,2288
WBS,4/7/2022,50.19,52.95,4/20/2022,2082,2090
HI,4/7/2022,42.11,44.28,6/6/2022,2082,2122
FFIN,4/8/2022,42.58,45.02,8/10/2022,2083,2167
RRX,4/8/2022,135.87,144.03,4/20/2022,2083,2090
THRM,4/8/2022,68.93,73.54,6/2/2022,2083,2120
GLW,4/8/2022,34.09,36.07,4/27/2022,2083,2095
TNL,4/8/2022,49.16,52.75,4/13/2022,2083,2086
MPWR,4/11/2022,396.11,420.64,4/13/2022,2084,2086
AMRC,4/11/2022,60.9,64,8/2/2022,2084,2161
SAFE,4/11/2022,101.6842,,,2084,
FORM,4/11/2022,34.82,36.89,4/13/2022,2084,2086
NVDA,4/11/2022,219.17,236.64,2/23/2023,2084,2302
APO,4/12/2022,55.51,58.59,4/19/2022,2085,2089
TM,4/12/2022,165.73,175.45,4/20/2022,2085,2090
FITB,4/12/2022,39.63,,,2085,
ARW,4/12/2022,107.94,114.57,4/20/2022,2085,2090
TTWO,4/12/2022,138.36,146.34,6/27/2023,2085,2387
STT,4/12/2022,82.25,87.03,1/24/2023,2085,2281
INFY,4/14/2022,20.46,,,2087,
ITW,4/14/2022,196.27,206.54,4/20/2022,2087,2090
AEIS,4/14/2022,73.98,77.95,4/19/2022,2087,2089
DSGX,4/18/2022,60.19,63.27,4/20/2022,2088,2090
SCHW,4/18/2022,74.94,80.19,10/28/2022,2088,2223
ACAD,4/19/2022,21.72,23.2,5/18/2023,2089,2361
NTES,4/21/2022,85.7,91.29,4/28/2022,2091,2096
DIS,4/21/2022,121.66,,,2091,
BMI,4/22/2022,83.56,90.56,7/21/2022,2092,2153
DSGX,4/22/2022,62.59,66.32,7/7/2022,2092,2143
MPWR,4/22/2022,404.21,457.48,5/3/2022,2092,2099
NOW,4/22/2022,471.4,504.02,4/28/2022,2092,2096
TYL,4/22/2022,385.4,411.74,8/3/2022,2092,2162
CBRE,4/22/2022,84.57,88.9,2/13/2023,2092,2295
MS,4/22/2022,84.74,90.2,8/11/2022,2092,2168
MELI,4/22/2022,979.82,1041.92,4/25/2022,2092,2093
ITCI,4/22/2022,52.44,55.22,5/12/2022,2092,2106
MTZ,4/25/2022,75.13,79.97,5/17/2022,2093,2109
FRO,4/25/2022,8.25,8.79,5/4/2022,2093,2100
AB,4/26/2022,39.18,41.9,5/4/2022,2094,2100
BAX,4/26/2022,70.53,74.34,5/17/2022,2094,2109
ICLR,4/26/2022,210.67,225.05,4/28/2022,2094,2096
MPW,4/26/2022,18.12,,,2094,
WST,4/26/2022,332.39,349.79,4/10/2023,2094,2333
ALB,4/26/2022,187.76,215.47,5/4/2022,2094,2100
TSLA,4/26/2022,292.14,317.54,5/4/2022,2094,2100
HSBC,4/26/2022,29.84,32.18,5/3/2022,2094,2099
EWBC,4/26/2022,71.19,77,5/4/2022,2094,2100
SCCO,4/26/2022,62.07,67.4,1/6/2023,2094,2270
ASML,4/26/2022,560.43,590.54,4/28/2022,2094,2096
SKX,4/26/2022,37.41,39.73,4/28/2022,2094,2096
WBS,4/26/2022,48.5,51.24,4/28/2022,2094,2096
GOOG,4/27/2022,115.0205,122.575,5/4/2022,2095,2100
GOOGL,4/27/2022,114.2945,122.261,5/4/2022,2095,2100
ISRG,4/27/2022,235.35,257.86,11/10/2022,2095,2232
COF,4/27/2022,124.35,134.3,5/4/2022,2095,2100
COLB,4/27/2022,29.69,31.27,6/7/2022,2095,2123
UHS,4/27/2022,123.59,129.95,5/4/2022,2095,2100
DXCM,4/27/2022,103.255,120.87,10/28/2022,2095,2223
FFBC,4/27/2022,20.6,21.95,7/25/2022,2095,2155
ASB,4/27/2022,20.21,21.38,8/12/2022,2095,2169
ACIW,4/27/2022,26.9,28.48,5/4/2022,2095,2100
KMPR,4/28/2022,47.08,51.75,5/3/2022,2096,2099
RRX,4/29/2022,127.24,136,5/4/2022,2097,2100
ALNY,4/29/2022,133.43,142.89,5/3/2022,2097,2099
PTCT,4/29/2022,35.33,40.11,6/23/2022,2097,2134
G,5/2/2022,39.54,42.35,5/12/2022,2098,2106
UPS,5/2/2022,178.58,187.98,7/22/2022,2098,2154
VOD,5/2/2022,15.06,15.87,5/4/2022,2098,2100
OHI,5/2/2022,25.13,28.82,5/3/2022,2098,2099
TFX,5/2/2022,282.53,,,2098,
WBS,5/2/2022,49.98,52.87,10/25/2022,2098,2220
BKNG,5/3/2022,2105.9299,2221.51,5/26/2022,2099,2116
WWD,5/3/2022,102,107.65,1/13/2023,2099,2275
LYV,5/3/2022,99.43,,,2099,
SIX,5/3/2022,37.2,,,2099,
JJSF,5/4/2022,130.54,139.66,6/24/2022,2100,2135
ICE,5/5/2022,101.63,107.44,8/4/2022,2101,2163
IDXX,5/5/2022,385.11,406.87,8/3/2022,2101,2162
AMZN,5/6/2022,114.7725,121.684,6/1/2022,2102,2119
BALL,5/6/2022,71.91,,,2102,
BRO,5/6/2022,58.24,62.36,7/21/2022,2102,2153
COO,5/6/2022,84.3875,89.145,2/1/2023,2102,2287
DOV,5/6/2022,133.01,140.28,8/15/2022,2102,2170
EGP,5/6/2022,168.44,177.34,8/12/2022,2102,2169
EW,5/6/2022,100.52,105.61,7/27/2022,2102,2157
LANC,5/6/2022,132.71,141.1,8/9/2022,2102,2166
NOW,5/6/2022,456.74,504.8,6/2/2022,2102,2120
NYT,5/6/2022,34.36,36.35,11/11/2022,2102,2233
PRI,5/6/2022,115.93,123.29,5/13/2022,2102,2107
RRX,5/6/2022,126.66,134.3,7/29/2022,2102,2159
SSNC,5/6/2022,62.4,65.52,6/2/2022,2102,2120
TTC,5/6/2022,79.75,85.44,6/2/2022,2102,2120
TTEC,5/6/2022,64.1,68.41,5/27/2022,2102,2117
TTEK,5/6/2022,129.56,139.99,6/2/2022,2102,2120
VOD,5/6/2022,15.03,16.01,5/23/2022,2102,2113
VRSN,5/6/2022,172.05,181.82,7/19/2022,2102,2151
COF,5/6/2022,127.04,133.71,1/8/2024,2102,2521
UCBI,5/6/2022,30.1,31.89,5/27/2022,2102,2117
FIVE,5/6/2022,146.56,156.25,11/10/2022,2102,2232
EEFT,5/6/2022,114.02,122.18,5/27/2022,2102,2117
BCO,5/6/2022,55.46,58.25,5/17/2022,2102,2109
MIDD,5/6/2022,156.61,,,2102,
WDAY,5/6/2022,189.46,200.05,3/30/2023,2102,2327
OUT,5/6/2022,23.04,,,2102,
NBIX,5/6/2022,79.55,84.12,5/13/2022,2102,2107
MGM,5/6/2022,38.31,40.28,1/24/2023,2102,2281
JLL,5/6/2022,201.89,,,2102,
TSLA,5/6/2022,288.55,307.3967,8/3/2022,2102,2162
RCL,5/6/2022,69.85,74.01,2/7/2023,2102,2291
EWBC,5/6/2022,73.16,77.57,8/16/2022,2102,2171
LULU,5/6/2022,317.05,333.42,8/18/2022,2102,2173
PODD,5/6/2022,205.57,217.83,5/24/2022,2102,2114
FFIV,5/6/2022,170.5,179.73,12/18/2023,2102,2508
ALNY,5/6/2022,134.75,141.56,6/22/2022,2102,2133
ASML,5/6/2022,551,583.38,5/27/2022,2102,2117
BX,5/6/2022,101.49,107.82,5/13/2022,2102,2107
SKX,5/6/2022,37.23,39.24,5/27/2022,2102,2117
GMAB,5/6/2022,30.81,32.39,6/27/2022,2102,2136
COLM,5/6/2022,76.31,80.34,5/17/2022,2102,2109
ACIW,5/6/2022,26.93,28.38,6/7/2022,2102,2123
QCOM,5/6/2022,140.58,151.71,7/20/2022,2102,2152
^IXIC,5/9/2022,11623.25,12316.9004,6/2/2022,2103,2120
A,5/9/2022,113.11,119.38,5/13/2022,2103,2107
AB,5/9/2022,38.59,41.05,5/25/2022,2103,2115
AVB,5/9/2022,203.72,213.94,7/29/2022,2103,2159
BN,5/9/2022,37.4373,39.5473,5/17/2022,2103,2109
CUBE,5/9/2022,41.61,43.83,5/26/2022,2103,2116
DHR,5/9/2022,212.2074,223.2269,5/20/2022,2103,2112
EQR,5/9/2022,73.26,78.13,5/27/2022,2103,2117
EXPO,5/9/2022,88.51,94.49,7/7/2022,2103,2143
EXR,5/9/2022,169.43,178.96,5/13/2022,2103,2107
FR,5/9/2022,50.59,53.36,5/13/2022,2103,2107
GMED,5/9/2022,60.47,63.59,5/13/2022,2103,2107
GOOG,5/9/2022,113.084,119.306,7/7/2022,2103,2143
GOOGL,5/9/2022,112.511,118.783,7/7/2022,2103,2143
ICLR,5/9/2022,209.08,227.3,5/27/2022,2103,2117
IQV,5/9/2022,204.07,220.5,5/27/2022,2103,2117
IRT,5/9/2022,22.15,23.35,5/25/2022,2103,2115
KRC,5/9/2022,62.37,,,2103,
MORN,5/9/2022,234.42,247.25,5/23/2022,2103,2113
MPWR,5/9/2022,406.74,431.67,5/13/2022,2103,2107
NDAQ,5/9/2022,48.7267,51.88,5/27/2022,2103,2117
PLD,5/9/2022,132.37,,,2103,
PSA,5/9/2022,313.69,335.77,5/27/2022,2103,2117
SNPS,5/9/2022,262.41,275.99,5/13/2022,2103,2107
SPGI,5/9/2022,328.77,350.52,5/23/2022,2103,2113
TECH,5/9/2022,86.765,91.9425,5/13/2022,2103,2107
PANW,5/9/2022,153.17,161.3467,5/10/2022,2103,2104
PWR,5/9/2022,109.83,116.43,5/23/2022,2103,2113
H,5/9/2022,79.79,84.84,5/10/2022,2103,2104
CWST,5/9/2022,71.25,75.59,7/21/2022,2103,2153
CHDN,5/9/2022,92.58,98.265,5/17/2022,2103,2109
IT,5/9/2022,239.32,255.52,5/13/2022,2103,2107
TDG,5/9/2022,545.69,579.59,5/24/2022,2103,2114
RIO,5/9/2022,64.97,68.96,5/17/2022,2103,2109
NTES,5/9/2022,84.52,92.46,5/13/2022,2103,2107
CCK,5/9/2022,101.73,106.93,5/27/2022,2103,2117
SLG,5/9/2022,65.79,,,2103,
AL,5/9/2022,34.51,36.32,5/10/2022,2103,2104
HSBC,5/9/2022,30.43,32.72,5/24/2022,2103,2114
ALK,5/9/2022,47.27,50.29,1/13/2023,2103,2275
STN,5/9/2022,43.57,46.6,6/1/2022,2103,2119
TNL,5/9/2022,48.93,51.41,6/2/2022,2103,2120
BYD,5/9/2022,55.03,59.52,5/26/2022,2103,2116
URI,5/9/2022,286.82,301.25,6/3/2022,2103,2121
ENV,5/9/2022,65.6,70,5/20/2022,2103,2112
OMF,5/9/2022,43.48,46.8,2/7/2023,2103,2291
ARE,5/10/2022,163.16,171.58,8/16/2022,2104,2171
CME,5/10/2022,200.27,211.93,10/6/2023,2104,2458
TJX,5/10/2022,56.2,60.19,5/18/2022,2104,2110
UDR,5/10/2022,46.54,49.18,8/10/2022,2104,2167
SPSC,5/10/2022,106.02,112.19,6/2/2022,2104,2120
RF,5/10/2022,20.19,21.61,5/26/2022,2104,2116
CNO,5/10/2022,20.63,22.02,10/28/2022,2104,2223
RBC,5/10/2022,161.66,185.82,5/27/2022,2104,2117
ICUI,5/10/2022,184.71,194.94,2/1/2023,2104,2287
FUN,5/10/2022,47.9,,,2104,
FLS,5/10/2022,28.72,30.3,5/16/2022,2104,2108
CRI,5/11/2022,78.41,82.73,5/13/2022,2105,2107
CTSH,5/11/2022,72.38,76.17,12/15/2023,2105,2507
CUZ,5/11/2022,33.02,34.82,5/17/2022,2105,2109
GGG,5/11/2022,58.87,62.43,5/26/2022,2105,2116
HIW,5/11/2022,37.33,40.14,5/17/2022,2105,2109
HMC,5/11/2022,24.73,26.38,8/1/2022,2105,2160
MLM,5/11/2022,321.56,349.45,5/27/2022,2105,2117
TDY,5/11/2022,388.47,414.22,6/2/2022,2105,2120
TM,5/11/2022,157.06,165.53,5/26/2022,2105,2116
WNS,5/11/2022,69.57,73.8,5/27/2022,2105,2117
FELE,5/11/2022,69.61,74.03,5/27/2022,2105,2117
IPG,5/11/2022,30.96,32.81,5/17/2022,2105,2109
CMC,5/11/2022,36.35,38.52,5/17/2022,2105,2109
POWI,5/11/2022,78.31,84.13,5/13/2022,2105,2107
AGCO,5/11/2022,118.54,127.47,5/17/2022,2105,2109
MANH,5/11/2022,113.47,121.78,5/13/2022,2105,2107
CNS,5/11/2022,69.87,73.51,5/24/2022,2105,2114
ENS,5/11/2022,61.04,64.84,5/17/2022,2105,2109
CM,5/12/2022,51.845,55.03,5/17/2022,2106,2109
COST,5/12/2022,486.18,511.94,7/14/2022,2106,2148
QQQ,5/12/2022,291.15,306.17,5/17/2022,2106,2109
TRNO,5/12/2022,62.64,65.95,8/12/2022,2106,2169
VRSK,5/12/2022,173.66,184.71,7/21/2022,2106,2153
NOK,5/12/2022,4.67,5.04,5/17/2022,2106,2109
H,5/12/2022,80.24,86.55,5/26/2022,2106,2116
AXP,5/12/2022,153.27,161.85,5/17/2022,2106,2109
AMP,5/12/2022,250.97,269.05,5/17/2022,2106,2109
MFC,5/12/2022,16.76,17.99,5/17/2022,2106,2109
AL,5/12/2022,33.89,36.05,5/13/2022,2106,2107
JNPR,5/12/2022,29.67,31.41,5/17/2022,2106,2109
AMN,5/12/2022,85.4,92.29,5/17/2022,2106,2109
RYN,5/12/2022,36.24,38.72,5/17/2022,2106,2109
FRO,5/12/2022,7.66,8.58,5/16/2022,2106,2108
WTFC,5/12/2022,82.69,87.51,5/27/2022,2106,2117
STLD,5/13/2022,74.13,78.45,5/17/2022,2107,2109
REXR,5/17/2022,66.55,,,2109,
RGLD,5/17/2022,116.43,124.79,1/6/2023,2109,2270
CPT,5/18/2022,138.24,145.72,8/12/2022,2110,2169
MAA,5/18/2022,173.11,183.82,5/27/2022,2110,2117
STAG,5/18/2022,32.45,34.62,6/7/2022,2110,2123
TGT,5/18/2022,161.61,172.48,8/12/2022,2110,2169
DVA,5/18/2022,94.56,99.31,10/26/2022,2110,2221
AON,5/19/2022,266.66,281.68,5/27/2022,2111,2117
CRI,5/19/2022,78.51,82.81,7/19/2022,2111,2151
CSCO,5/19/2022,41.72,44,5/25/2022,2111,2115
LAMR,5/19/2022,94.45,99.77,7/20/2022,2111,2152
QQQ,5/19/2022,289.58,309.1,5/27/2022,2111,2117
TXRH,5/19/2022,71.94,75.82,5/25/2022,2111,2115
UNP,5/19/2022,216.5,228.75,6/7/2022,2111,2123
PANW,5/19/2022,145.4567,159.56,5/20/2022,2111,2112
CBRL,5/19/2022,96.24,102.83,5/26/2022,2111,2116
CHDN,5/19/2022,92.64,99.095,5/26/2022,2111,2116
UHS,5/19/2022,118.89,124.96,5/27/2022,2111,2117
AXP,5/19/2022,154,165.37,5/26/2022,2111,2116
BXP,5/19/2022,105.08,112.68,5/27/2022,2111,2117
CATY,5/19/2022,38.27,41.53,5/27/2022,2111,2117
ACN,5/19/2022,273.61,291.55,5/26/2022,2111,2116
JNPR,5/19/2022,28.8,30.62,5/26/2022,2111,2116
AL,5/19/2022,36.08,38.07,5/27/2022,2111,2117
AMN,5/19/2022,87.06,91.75,5/25/2022,2111,2115
COLM,5/19/2022,73.85,77.78,5/31/2022,2111,2118
GMED,5/20/2022,64.92,70.33,11/11/2022,2112,2233
INTC,5/20/2022,41.65,44.55,5/27/2022,2112,2117
ROST,5/20/2022,71.87,78.75,5/23/2022,2112,2113
WSO,5/20/2022,246.68,263.11,6/2/2022,2112,2120
GLW,5/20/2022,33.13,35.22,5/26/2022,2112,2116
AGCO,5/20/2022,112.13,120.16,5/23/2022,2112,2113
CALM,5/23/2022,45.94,48.42,6/23/2022,2113,2134
TSCO,5/23/2022,176.84,185.9,5/26/2022,2113,2116
MELI,5/23/2022,774.3,836.74,6/2/2022,2113,2120
BN,5/24/2022,37.8658,40.6952,5/27/2022,2114,2117
NWS,5/24/2022,16.87,17.85,5/27/2022,2114,2117
TECH,5/24/2022,89.2925,96.64,5/27/2022,2114,2117
NWSA,5/24/2022,16.55,17.68,5/27/2022,2114,2117
HELE,5/24/2022,175.8,185.19,5/31/2022,2114,2118
SHOO,5/24/2022,33.26,36,5/25/2022,2114,2115
SUPN,5/24/2022,26.98,28.4,5/27/2022,2114,2117
CLH,5/25/2022,88.72,93.44,5/27/2022,2115,2117
NWS,6/1/2022,17.38,18.54,8/9/2022,2119,2166
PSA,6/1/2022,330.62,351.7,8/12/2022,2119,2169
ROST,6/1/2022,82.66,88.15,8/11/2022,2119,2168
SPGI,6/1/2022,332.01,349.02,7/6/2022,2119,2142
TTEC,6/1/2022,66.96,71.34,7/27/2022,2119,2157
PANW,6/1/2022,167.2433,175.6667,6/7/2022,2119,2123
NWSA,6/1/2022,17.21,18.27,8/9/2022,2119,2166
CBRL,6/1/2022,101.27,107.87,8/12/2022,2119,2169
UHS,6/1/2022,120.75,127.63,11/15/2022,2119,2235
PODD,6/1/2022,207.38,219.89,6/7/2022,2119,2123
ASML,6/1/2022,563.66,597.47,11/15/2022,2119,2235
ENV,6/1/2022,64.7,68.66,2/2/2023,2119,2288
CUBE,6/6/2022,43.31,45.65,7/28/2022,2122,2158
EQR,6/6/2022,73.85,77.75,7/28/2022,2122,2158
FR,6/6/2022,52.1,55.28,8/12/2022,2122,2169
BXP,6/6/2022,105.29,,,2122,
AMZN,6/8/2022,121.18,134.95,7/29/2022,2124,2159
AON,6/8/2022,266.8,280.67,7/21/2022,2124,2153
CSCO,6/9/2022,44.26,46.61,8/12/2022,2125,2169
CUZ,6/9/2022,32.55,,,2125,
HIW,6/9/2022,37.06,,,2125,
INTC,6/9/2022,40.01,43.35,11/16/2023,2125,2487
IRT,6/9/2022,22.47,,,2125,
MAA,6/9/2022,168.93,183.99,7/28/2022,2125,2158
PEAK,6/9/2022,25.96,27.49,7/28/2022,2125,2158
RCI,6/9/2022,48.62,,,2125,
SSNC,6/9/2022,62.27,,,2125,
SYK,6/9/2022,218.97,230,9/9/2022,2125,2188
TECH,6/9/2022,88.86,93.61,7/27/2022,2125,2157
TTEK,6/9/2022,131.14,139.6,6/27/2022,2125,2136
UNP,6/9/2022,216.79,228.62,8/5/2022,2125,2164
SPSC,6/9/2022,106.48,114.66,6/24/2022,2125,2135
UCBI,6/9/2022,30.07,32.32,7/19/2022,2125,2151
HELE,6/9/2022,175.49,,,2125,
STAG,6/9/2022,32.82,34.71,8/12/2022,2125,2169
MOH,6/9/2022,276.99,298.89,7/15/2022,2125,2149
CCK,6/9/2022,102.73,,,2125,
JNPR,6/9/2022,29.58,31.57,11/18/2022,2125,2238
AL,6/9/2022,36.41,38.27,8/5/2022,2125,2164
MELI,6/9/2022,748.41,789.2,7/21/2022,2125,2153
FMS,6/9/2022,27.12,,,2125,
EHC,6/9/2022,46.4041,49.3,7/15/2022,2125,2149
^IXIC,6/10/2022,11340.0195,12059.6104,7/21/2022,2126,2153
BSX,6/10/2022,37.23,40.31,7/27/2022,2126,2157
GATX,6/10/2022,99.49,104.65,8/16/2022,2126,2171
KW,6/10/2022,19.95,,,2126,
MCO,6/10/2022,273.23,289.14,7/19/2022,2126,2151
MLM,6/10/2022,321.75,343.45,7/28/2022,2126,2158
MORN,6/10/2022,229.28,242.21,6/23/2022,2126,2134
NOW,6/10/2022,473.15,504.09,6/24/2022,2126,2135
OMC,6/10/2022,67.99,71.84,8/10/2022,2126,2167
QQQ,6/10/2022,288.84,307.38,7/21/2022,2126,2153
TDY,6/10/2022,380.58,399.67,7/20/2022,2126,2152
PANW,6/10/2022,165.0733,173.7133,7/5/2022,2126,2141
EEFT,6/10/2022,109.16,115.45,2/1/2023,2126,2287
RJF,6/10/2022,89.35,95.49,7/20/2022,2126,2152
ESGR,6/10/2022,215.2,227.32,12/21/2022,2126,2260
IT,6/10/2022,247.64,260.85,7/27/2022,2126,2157
AMP,6/10/2022,251.58,269.92,7/29/2022,2126,2159
IPG,6/10/2022,28.95,30.54,8/15/2022,2126,2170
KIM,6/10/2022,20.65,21.86,7/28/2022,2126,2158
POWI,6/10/2022,78.25,82.72,7/27/2022,2126,2157
HLT,6/10/2022,127.47,134.69,8/11/2022,2126,2168
AGCO,6/10/2022,117.85,123.83,10/28/2022,2126,2223
COLM,6/10/2022,75.23,81.61,11/11/2022,2126,2233
TNL,6/10/2022,46.71,,,2126,
SUPN,6/10/2022,27.15,28.99,6/27/2022,2126,2136
CNS,6/10/2022,69.89,73.69,7/29/2022,2126,2159
GWRE,6/10/2022,75.17,79.96,8/3/2022,2126,2162
URI,6/10/2022,280.22,304.83,7/28/2022,2126,2158
STLD,6/10/2022,74.13,77.88,7/29/2022,2126,2159
BLDR,6/10/2022,60.17,63.84,7/15/2022,2126,2149
ABBV,6/13/2022,139.42,147.56,6/22/2022,2127,2133
AMH,6/13/2022,33.59,35.49,6/27/2022,2127,2136
APO,6/13/2022,50.08,53.07,7/19/2022,2127,2151
BN,6/13/2022,36.5643,38.4479,7/20/2022,2127,2152
BRK-A,6/13/2022,423700,451700,7/29/2022,2127,2159
BRK-B,6/13/2022,281.56,300.6,7/29/2022,2127,2159
CM,6/13/2022,50.88,,,2127,
CNI,6/13/2022,107.76,113.77,6/24/2022,2127,2135
FDS,6/13/2022,352.76,388.76,6/23/2022,2127,2134
ICLR,6/13/2022,209.01,220.63,6/24/2022,2127,2135
IQV,6/13/2022,200.3,211.54,6/23/2022,2127,2134
LH,6/13/2022,185.9708,197.1993,6/21/2022,2127,2132
MDT,6/13/2022,90.17,94.82,8/12/2022,2127,2169
MPWR,6/13/2022,389.64,416.19,6/15/2022,2127,2129
MSFT,6/13/2022,242.26,258.86,6/23/2022,2127,2134
NDAQ,6/13/2022,48.9533,52.7533,6/23/2022,2127,2134
ROP,6/13/2022,385.23,407.71,6/24/2022,2127,2135
SUI,6/13/2022,150.91,161.17,6/23/2022,2127,2134
VMC,6/13/2022,152.97,162.91,7/28/2022,2127,2158
WNS,6/13/2022,69.39,73.25,6/23/2022,2127,2134
H,6/13/2022,78.76,83.06,7/27/2022,2127,2157
BKU,6/13/2022,35.95,38.05,7/21/2022,2127,2153
GPN,6/13/2022,110.15,118.86,6/24/2022,2127,2135
LUV,6/13/2022,37.62,39.58,7/15/2022,2127,2149
CHDN,6/13/2022,89.25,99.415,6/24/2022,2127,2135
IHG,6/13/2022,54.12,58.26,7/19/2022,2127,2151
AXP,6/13/2022,146.29,153.79,7/25/2022,2127,2155
ROIC,6/13/2022,15.59,16.4,6/24/2022,2127,2135
CSX,6/13/2022,29.46,30.99,7/21/2022,2127,2153
MCHP,6/13/2022,59.98,64.52,7/19/2022,2127,2151
TDG,6/13/2022,545.52,574.01,7/19/2022,2127,2151
IONS,6/13/2022,33.5,35.26,6/17/2022,2127,2131
VLY,6/13/2022,10.73,11.6,7/28/2022,2127,2158
PRU,6/13/2022,94.25,99.99,7/29/2022,2127,2159
CMC,6/13/2022,36.77,39.62,7/29/2022,2127,2159
TRMB,6/13/2022,59.36,62.92,7/20/2022,2127,2152
ARMK,6/13/2022,22.3682,23.8051,7/27/2022,2127,2157
MFC,6/13/2022,17.09,18.06,7/28/2022,2127,2158
KRG,6/13/2022,17.68,18.72,7/20/2022,2127,2152
CELH,6/13/2022,18.2033,19.19,6/14/2022,2127,2128
LPX,6/13/2022,60.51,63.63,7/29/2022,2127,2159
FRT,6/13/2022,96.82,102.36,7/20/2022,2127,2152
BRX,6/13/2022,20.31,21.53,7/19/2022,2127,2151
BX,6/13/2022,97.52,102.48,7/28/2022,2127,2158
ABR,6/13/2022,13.96,14.78,7/19/2022,2127,2151
CLH,6/13/2022,87.96,93.79,7/27/2022,2127,2157
SHOO,6/13/2022,34.29,36.4,2/1/2023,2127,2287
CFR,6/13/2022,114.18,122.88,7/19/2022,2127,2151
ACIW,6/13/2022,26,27.34,6/24/2022,2127,2135
MAR,6/13/2022,152.1,161.24,8/10/2022,2127,2167
REG,6/13/2022,57.25,61.48,6/24/2022,2127,2135
UFPI,6/13/2022,70.46,74.57,7/19/2022,2127,2151
BYD,6/13/2022,51.4,54.5,7/19/2022,2127,2151
CACC,6/13/2022,506.05,541.71,7/19/2022,2127,2151
ENSG,6/13/2022,73.65,78.03,7/21/2022,2127,2153
FLS,6/13/2022,29.39,31.34,7/27/2022,2127,2157
HDB,6/13/2022,52.65,55.98,6/21/2022,2127,2132
MANH,6/13/2022,110.88,120.32,6/24/2022,2127,2135
AUB,6/13/2022,31.86,33.87,6/24/2022,2127,2135
AWK,6/14/2022,133.47,144.58,6/23/2022,2128,2134
AWR,6/14/2022,72.69,77.97,6/23/2022,2128,2134
CCI,6/14/2022,157.92,168.07,6/22/2022,2128,2133
CHD,6/14/2022,82,87.59,6/22/2022,2128,2133
CLX,6/14/2022,124.64,132.14,6/22/2022,2128,2133
CWT,6/14/2022,49.19,53.06,6/23/2022,2128,2134
DEO,6/14/2022,167.67,182.8,6/24/2022,2128,2135
NGG,6/14/2022,63.68,66.89,7/19/2022,2128,2151
RELX,6/14/2022,24.94,27.21,6/24/2022,2128,2135
SBAC,6/14/2022,297.06,325.84,6/23/2022,2128,2134
SJW,6/14/2022,56.65,60.22,6/23/2022,2128,2134
WTRG,6/14/2022,41.84,44.87,6/23/2022,2128,2134
ZBH,6/14/2022,105.27,111.11,7/27/2022,2128,2157
NTRS,6/14/2022,93.6,98.74,6/29/2022,2128,2138
FE,6/14/2022,38.39,41.1,7/29/2022,2128,2159
ACN,6/14/2022,275.12,299.37,6/24/2022,2128,2135
TFSL,6/14/2022,13.57,14.33,6/27/2022,2128,2136
NLY,6/14/2022,23.68,25.32,6/24/2022,2128,2135
FRO,6/14/2022,8.74,9.46,6/27/2022,2128,2136
CPRT,6/14/2022,25.8975,27.54,6/23/2022,2128,2134
UBS,6/14/2022,15.96,16.82,6/24/2022,2128,2135
STE,6/15/2022,202.28,212.97,7/19/2022,2129,2151
WSO,6/15/2022,245.02,260.59,7/20/2022,2129,2152
HSIC,6/16/2022,73.17,77.29,6/24/2022,2130,2135
MCY,6/16/2022,43.44,45.75,7/7/2022,2130,2143
MKC,6/16/2022,82.86,87.84,6/24/2022,2130,2135
PEG,6/16/2022,59,62.51,6/24/2022,2130,2135
SON,6/16/2022,51.71,54.79,6/22/2022,2130,2133
WTW,6/16/2022,190.83,204.95,6/24/2022,2130,2135
DKL,6/16/2022,45.2,49.22,6/24/2022,2130,2135
ALB,6/16/2022,202.17,216.33,6/21/2022,2130,2132
CW,6/16/2022,125.82,133.51,7/1/2022,2130,2140
CE,6/16/2022,123.19,129.93,11/17/2023,2130,2488
CELH,6/16/2022,17.9767,21.2833,6/23/2022,2130,2134
MTZ,6/16/2022,68.67,73.64,6/21/2022,2130,2132
EMN,6/16/2022,87.45,92.45,6/24/2022,2130,2135
WU,6/16/2022,15.47,16.69,6/24/2022,2130,2135
AME,6/17/2022,107.14,113.5,6/24/2022,2131,2135
BAX,6/17/2022,63.83,,,2131,
CTAS,6/17/2022,347.35,366.53,6/23/2022,2131,2134
DHR,6/17/2022,211.5248,226.2234,6/23/2022,2131,2134
FIX,6/17/2022,75.33,79.3,6/23/2022,2131,2134
KNX,6/17/2022,44.25,47.07,6/24/2022,2131,2135
ORI,6/17/2022,21.04,22.36,6/24/2022,2131,2135
PH,6/17/2022,236.37,253.1,6/24/2022,2131,2135
SFBS,6/17/2022,75.34,79.13,7/1/2022,2131,2140
SPY,6/17/2022,365.86,390.08,6/24/2022,2131,2135
TXN,6/17/2022,150.2,157.85,7/14/2022,2131,2148
WCN,6/17/2022,114.8,122.73,6/24/2022,2131,2135
NVEE,6/17/2022,106.35,113.98,6/24/2022,2131,2135
BMO,6/17/2022,96.2,101.09,8/10/2022,2131,2167
MTD,6/17/2022,1097.8,1161.85,7/1/2022,2131,2140
RIO,6/17/2022,64.54,67.86,11/29/2022,2131,2244
TSCO,6/17/2022,188.73,198.78,6/23/2022,2131,2134
KMPR,6/17/2022,44.26,48.52,6/24/2022,2131,2135
SHO,6/17/2022,9.94,10.85,7/19/2022,2131,2151
HST,6/17/2022,16.2,17.12,7/19/2022,2131,2151
RYN,6/17/2022,36.15,38.41,6/24/2022,2131,2135
ENS,6/17/2022,58.88,62.39,7/20/2022,2131,2152
WFG,6/17/2022,78.06,82.05,7/12/2022,2131,2146
ALLE,6/21/2022,95.08,100.41,7/5/2022,2132,2141
NSIT,6/21/2022,87.49,92.13,7/27/2022,2132,2157
KB,6/21/2022,40.06,45.14,1/6/2023,2132,2270
CHH,6/22/2022,112.15,118.75,7/20/2022,2133,2152
BKNG,6/23/2022,1835.0601,1931.05,6/24/2022,2134,2135
BNS,6/23/2022,58.22,62.13,8/10/2022,2134,2167
MPWR,6/23/2022,399.65,426.24,7/19/2022,2134,2151
RS,6/23/2022,163.47,172.79,6/24/2022,2134,2135
SLF,6/23/2022,44.6,47.01,8/4/2022,2134,2163
TD,6/23/2022,64.69,68.93,8/16/2022,2134,2171
RF,6/23/2022,18.42,19.49,6/24/2022,2134,2135
ALB,6/23/2022,213.62,224.79,6/24/2022,2134,2135
CAT,6/23/2022,178.67,187.84,7/28/2022,2134,2158
SMCI,6/23/2022,41.65,43.76,7/19/2022,2134,2151
CVX,6/23/2022,142.43,149.94,6/28/2022,2134,2137
SU,6/23/2022,32.91,35.66,6/27/2022,2134,2136
AVGO,6/28/2022,498.45,527.79,7/27/2022,2137,2157
BKNG,6/28/2022,1838.42,1935.6899,7/29/2022,2137,2159
NOW,6/28/2022,473.44,516.2,8/10/2022,2137,2167
GPN,6/28/2022,113.35,119.87,7/20/2022,2137,2152
ACIW,6/28/2022,26.11,27.45,7/21/2022,2137,2153
ALB,6/29/2022,211.89,225.6,7/21/2022,2138,2153
NLY,6/29/2022,23.6,24.8,7/5/2022,2138,2141
ABM,6/29/2022,42.42,44.84,7/29/2022,2138,2159
EMN,6/29/2022,91.21,95.93,7/29/2022,2138,2159
FRO,6/29/2022,9.13,9.93,7/27/2022,2138,2157
AEIS,6/29/2022,72.63,77.06,7/15/2022,2138,2149
DFS,6/29/2022,95.59,104.01,7/15/2022,2138,2149
FNV,6/30/2022,131.58,139.61,11/10/2022,2139,2232
MKC,6/30/2022,83.25,87.53,7/28/2022,2139,2158
ROIC,6/30/2022,15.78,16.63,7/20/2022,2139,2152
CVX,6/30/2022,144.78,163.78,7/29/2022,2139,2159
HPQ,7/1/2022,31.87,33.67,8/1/2022,2140,2160
KLAC,7/1/2022,296.26,314.17,7/7/2022,2140,2143
UBS,7/5/2022,15.75,16.65,7/21/2022,2141,2153
FMX,7/6/2022,61.56,66,8/12/2022,2142,2169
MO,7/6/2022,41.16,43.83,7/25/2022,2142,2155
SU,7/6/2022,32.54,34.32,8/23/2022,2142,2176
ICLR,7/12/2022,208.9,224.65,7/21/2022,2146,2153
PANW,7/12/2022,164.1933,176.3567,8/3/2022,2146,2162
RYN,7/12/2022,35.79,37.75,7/29/2022,2146,2159
FAST,7/13/2022,46.77,49.9,7/28/2022,2147,2158
FLT,7/13/2022,207.92,219.15,7/19/2022,2147,2151
ROP,7/13/2022,385.04,408.38,7/20/2022,2147,2152
WTW,7/13/2022,193.72,204.63,7/28/2022,2147,2158
MANH,7/13/2022,111.92,118.94,7/20/2022,2147,2152
DLR,7/14/2022,121.03,127.42,7/22/2022,2148,2154
EQIX,7/14/2022,611.93,650.19,7/21/2022,2148,2153
IRM,7/14/2022,44.71,47.26,7/21/2022,2148,2153
SPSC,7/14/2022,101.59,107.2,7/19/2022,2148,2151
THRM,7/14/2022,57.1,61.11,7/20/2022,2148,2152
MET,7/14/2022,57.91,61.28,7/20/2022,2148,2152
FRME,7/14/2022,34.55,36.66,7/19/2022,2148,2151
ING,7/14/2022,8.67,9.44,7/19/2022,2148,2151
FUL,7/14/2022,58.58,62.39,7/21/2022,2148,2153
MCY,7/15/2022,42.64,46.18,2/15/2024,2149,2548
CYTK,7/18/2022,38.54,42.31,7/27/2022,2150,2157
PEG,7/21/2022,59.6,65.44,7/28/2022,2153,2158
WIRE,7/22/2022,109.33,122.5,7/26/2022,2154,2156
HST,7/22/2022,16.92,17.91,7/28/2022,2154,2158
MELI,7/25/2022,762.78,803.75,7/28/2022,2155,2158
MTZ,7/25/2022,68.36,74.04,7/27/2022,2155,2157
MO,7/28/2022,44,46.39,8/25/2022,2158,2178
SNN,7/29/2022,25.85,27.18,12/2/2022,2159,2247
LUV,7/29/2022,38.12,40.08,12/1/2022,2159,2246
RNR,8/1/2022,126.05,135.2,8/11/2022,2160,2168
CAT,8/2/2022,183.51,194,8/11/2022,2161,2168
AMX,8/2/2022,17.84,18.83,8/10/2022,2161,2167
LPX,8/3/2022,61.9,65.42,12/7/2022,2162,2250
FORM,8/9/2022,32.44,34.27,8/10/2022,2166,2167
GSK,8/11/2022,35.73,37.92,12/6/2022,2168,2249
SNY,8/11/2022,43.42,45.87,11/29/2022,2168,2244
FORM,8/17/2022,33.45,36.14,7/13/2023,2172,2398
MRCY,8/18/2022,51.23,56.19,2/1/2023,2173,2287
NTES,8/19/2022,84.7,92.18,8/25/2022,2174,2178
ING,8/22/2022,8.84,9.68,9/12/2022,2175,2189
ALLY,8/22/2022,34.22,36.32,1/22/2024,2175,2530
IDCC,8/23/2022,53.18,56.22,1/3/2023,2176,2267
ORAN,8/24/2022,10.1,10.79,1/12/2023,2177,2274
IART,8/24/2022,50.07,53.46,11/11/2022,2177,2233
HALO,8/26/2022,40.29,42.51,9/14/2022,2179,2191
AMX,8/26/2022,18.03,19.05,11/1/2022,2179,2225
DORM,8/29/2022,92.93,99.12,2/1/2023,2180,2287
BX,8/29/2022,96.19,103.52,11/10/2022,2180,2232
BKNG,8/30/2022,1880.23,1981.03,9/9/2022,2181,2188
MELI,8/30/2022,862.1,922.54,9/8/2022,2181,2187
HPQ,8/31/2022,28.71,30.55,11/11/2022,2182,2233
AMD,8/31/2022,84.87,89.68,3/15/2023,2182,2316
BNS,9/1/2022,54.26,,,2183,
MPWR,9/1/2022,425.47,447.2,9/9/2022,2183,2188
VOD,9/1/2022,13.08,,,2183,
CAT,9/1/2022,182.44,192.4,9/12/2022,2183,2189
POWI,9/1/2022,68.64,76.85,11/10/2022,2183,2232
ACLS,9/1/2022,63.55,66.95,10/4/2022,2183,2205
CVCO,9/1/2022,224.18,241.69,12/1/2022,2183,2246
ASML,9/1/2022,469.92,501,9/9/2022,2183,2188
SIMO,9/1/2022,72.23,76.16,6/26/2023,2183,2386
SKY,9/1/2022,55.18,58.47,9/9/2022,2183,2188
EMN,9/2/2022,89.52,94.87,9/12/2022,2184,2189
ACIW,9/2/2022,22.65,23.86,10/27/2022,2184,2222
T,9/6/2022,16.79,17.69,10/25/2022,2185,2220
THRM,9/6/2022,56.34,60.06,9/9/2022,2185,2188
ARW,9/6/2022,100.54,106.25,11/8/2022,2185,2230
HI,9/6/2022,37.74,40.85,9/9/2022,2185,2188
MPWR,9/13/2022,422.33,457.77,2/1/2023,2190,2287
LSCC,9/13/2022,51.7,55,10/5/2022,2190,2206
LRCX,9/13/2022,420.48,444.86,11/8/2022,2190,2230
DIOD,9/14/2022,67.01,71.93,10/4/2022,2191,2205
LFUS,9/14/2022,222.68,235.12,11/11/2022,2191,2233
UFPI,9/14/2022,72.69,76.81,10/4/2022,2191,2205
SKY,9/14/2022,52.72,55.82,10/3/2022,2191,2204
EMN,9/15/2022,81.3,89.49,11/11/2022,2192,2233
WST,9/15/2022,273.73,319.77,2/16/2023,2192,2298
FLS,9/15/2022,27.51,29.96,11/4/2022,2192,2228
DOOR,9/15/2022,74.79,78.73,12/21/2022,2192,2260
ATSG,9/16/2022,25.68,27.03,10/5/2022,2193,2206
CHD,9/16/2022,76.54,81.87,11/30/2022,2193,2245
TECH,9/16/2022,76.8975,84.2725,11/10/2022,2193,2232
WAT,9/16/2022,283.93,301.73,10/26/2022,2193,2221
SEE,9/16/2022,48.65,51.14,11/18/2022,2193,2238
NOVT,9/16/2022,125.97,136.1,10/25/2022,2193,2220
GWRE,9/16/2022,64.72,68.36,1/12/2023,2193,2274
CRM,9/16/2022,151.51,160.17,10/21/2022,2193,2218
WFG,9/16/2022,80.42,86.04,11/15/2022,2193,2235
HALO,9/19/2022,40.91,43.22,10/13/2022,2194,2212
SMCI,9/19/2022,57.97,61.45,10/6/2022,2194,2207
ITCI,9/19/2022,47.17,51.88,11/3/2022,2194,2227
DLR,9/20/2022,109.75,116.15,2/1/2023,2195,2287
ICLR,9/20/2022,197.24,216.2,11/10/2022,2195,2232
NOW,9/20/2022,411.2,441.83,1/20/2023,2195,2279
EFX,9/20/2022,177.84,187.81,11/10/2022,2195,2232
EW,9/21/2022,85.22,90.53,6/14/2023,2196,2379
IFF,9/21/2022,99.15,105.82,11/30/2022,2196,2245
IQV,9/21/2022,195.52,208.16,10/28/2022,2196,2223
STE,9/21/2022,177.64,192.31,12/1/2022,2196,2246
WIRE,9/21/2022,114.75,121.14,10/3/2022,2196,2204
ODFL,9/21/2022,251.6,273.16,10/4/2022,2196,2205
SCI,9/21/2022,58.91,61.93,10/5/2022,2196,2206
TRMB,9/21/2022,57.37,60.24,10/28/2022,2196,2223
IP,9/21/2022,34.26,36.63,11/11/2022,2196,2233
ASML,9/21/2022,454.92,486.01,10/25/2022,2196,2220
QCOM,9/21/2022,124.62,131.03,1/23/2023,2196,2280
BKNG,9/22/2022,1720.58,1822.79,10/21/2022,2197,2218
MCO,9/22/2022,255.3,269.09,10/28/2022,2197,2223
PKG,9/22/2022,115.88,124.5,11/4/2022,2197,2228
SNPS,9/22/2022,306.97,331.4,11/11/2022,2197,2233
IDXX,9/22/2022,326.08,348.59,10/4/2022,2197,2205
IHG,9/22/2022,49.13,52.13,10/4/2022,2197,2205
ROIC,9/22/2022,14.66,15.42,11/10/2022,2197,2232
ISRG,9/22/2022,191.08,201.54,10/4/2022,2197,2205
AL,9/22/2022,32.44,34.52,10/25/2022,2197,2220
CELH,9/22/2022,29.9667,32.79,11/15/2022,2197,2235
KRG,9/22/2022,17.77,18.97,10/25/2022,2197,2220
NTES,9/22/2022,78.95,84.1,1/11/2023,2197,2273
MELI,9/22/2022,850,948.25,10/4/2022,2197,2205
CIGI,9/22/2022,102.72,108.57,2/1/2023,2197,2287
KLAC,9/22/2022,313.07,329.05,10/5/2022,2197,2206
NVMI,9/22/2022,88.17,92.7,1/20/2023,2197,2279
MTX,9/22/2022,53.39,56.73,10/26/2022,2197,2221
BC,9/22/2022,68.08,72.09,10/26/2022,2197,2221
SPG,9/22/2022,92.18,99.15,10/17/2022,2197,2214
CPRT,9/22/2022,26.27,27.8,9/28/2022,2197,2201
DRH,9/22/2022,7.87,8.5,10/17/2022,2197,2214
EXPE,9/22/2022,92,102.1,10/4/2022,2197,2205
ADI,9/23/2022,141.92,150.85,10/4/2022,2198,2205
ALSN,9/23/2022,33.44,36.03,10/4/2022,2198,2205
AMZN,9/23/2022,113.78,121.09,10/4/2022,2198,2205
AZN,9/23/2022,54.58,57.96,10/26/2022,2198,2221
CUBE,9/23/2022,40.25,42.35,12/5/2022,2198,2248
FLT,9/23/2022,184.2,194.6,11/10/2022,2198,2232
LAMR,9/23/2022,84.2,88.63,10/4/2022,2198,2205
NGG,9/23/2022,56.32,59.57,11/10/2022,2198,2232
PH,9/23/2022,244.62,263.03,10/4/2022,2198,2205
THRM,9/23/2022,54.14,57.23,10/28/2022,2198,2223
UPS,9/23/2022,164.33,178.19,11/11/2022,2198,2233
DKL,9/23/2022,50.12,52.84,10/7/2022,2198,2208
BANF,9/23/2022,93.51,100.71,10/21/2022,2198,2218
UGI,9/23/2022,34.09,36.69,11/10/2022,2198,2232
TDG,9/23/2022,540.51,581.55,10/28/2022,2198,2223
TEX,9/23/2022,29.81,33.09,10/4/2022,2198,2205
KIM,9/23/2022,18.81,19.9,10/24/2022,2198,2219
ABM,9/23/2022,38.26,41.99,10/4/2022,2198,2205
ABR,9/23/2022,12.91,13.83,10/28/2022,2198,2223
BRX,9/23/2022,19.13,20.68,10/25/2022,2198,2220
WWD,9/23/2022,82.9,87.36,10/4/2022,2198,2205
WEX,9/23/2022,131.49,143.7,10/4/2022,2198,2205
NYT,9/23/2022,27.97,29.53,10/3/2022,2198,2204
OTTR,9/23/2022,65.15,68.7,10/28/2022,2198,2223
CACC,9/23/2022,462.28,490.1,11/10/2022,2198,2232
URI,9/23/2022,263.37,277.02,9/28/2022,2198,2201
HI,9/23/2022,37.74,40.28,10/18/2022,2198,2215
RUSHB,9/23/2022,31.58,33.7133,10/3/2022,2198,2204
AMT,9/26/2022,221.37,232.81,1/13/2023,2199,2275
APO,9/26/2022,48.87,51.93,10/4/2022,2199,2205
BN,9/26/2022,34.4947,37.8335,11/11/2022,2199,2233
CRI,9/26/2022,67.61,72.81,10/4/2022,2199,2205
EXR,9/26/2022,169.78,179.47,10/4/2022,2199,2205
IRM,9/26/2022,44.73,47.58,10/4/2022,2199,2205
MAIN,9/26/2022,34.56,36.36,10/25/2022,2199,2220
RELX,9/26/2022,23.58,24.81,10/3/2022,2199,2204
SNX,9/26/2022,84.2,89.66,10/25/2022,2199,2220
NWSA,9/26/2022,15.04,16.38,10/4/2022,2199,2205
CCEP,9/26/2022,43.92,46.16,10/5/2022,2199,2206
RBC,9/26/2022,208.32,220.76,10/4/2022,2199,2205
CSX,9/26/2022,27.43,28.81,10/27/2022,2199,2222
PSEC,9/26/2022,6.53,6.86,10/18/2022,2199,2215
PAG,9/26/2022,96.54,107.01,9/28/2022,2199,2201
NLY,9/26/2022,20.6,21.65,11/25/2022,2199,2242
COF,9/26/2022,91.3,99.87,10/4/2022,2199,2205
C,9/26/2022,42.99,45.32,10/25/2022,2199,2220
GLW,9/26/2022,29.89,31.53,10/4/2022,2199,2205
FRT,9/26/2022,88.03,93.55,10/4/2022,2199,2205
SHO,9/26/2022,9.63,10.16,10/13/2022,2199,2212
AIN,9/26/2022,77.5,81.62,10/3/2022,2199,2204
CBRE,9/26/2022,69.03,73.48,10/4/2022,2199,2205
HST,9/26/2022,15.52,16.55,9/28/2022,2199,2201
WU,9/26/2022,13.48,14.45,10/4/2022,2199,2205
CRH,9/26/2022,31.88,35.12,10/4/2022,2199,2205
BYD,9/26/2022,46.22,48.75,10/3/2022,2199,2204
SKX,9/26/2022,32.95,34.94,10/5/2022,2199,2206
EQNR,9/26/2022,31.67,33.58,9/28/2022,2199,2201
AER,9/26/2022,39.75,41.8,9/27/2022,2199,2200
ESNT,9/26/2022,35.06,38.02,10/4/2022,2199,2205
PBR-A,9/26/2022,10.94,12.45,10/3/2022,2199,2204
PBA,9/26/2022,30.33,32.19,10/3/2022,2199,2204
HES,9/26/2022,100.74,108.3,9/28/2022,2199,2201
RHP,9/26/2022,73.62,77.98,10/4/2022,2199,2205
BEP,9/27/2022,32.2,,,2200,
EQIX,9/27/2022,567.69,611.09,11/4/2022,2200,2228
GOOG,9/27/2022,98.09,104.93,10/25/2022,2200,2220
GOOGL,9/27/2022,97.5,102.52,10/24/2022,2200,2219
J,9/27/2022,109.29,116.19,10/4/2022,2200,2205
LH,9/27/2022,177.5258,196.0567,10/25/2022,2200,2220
MA,9/27/2022,286.48,301.27,10/4/2022,2200,2205
O,9/27/2022,59.49,63.01,11/4/2022,2200,2228
SPGI,9/27/2022,313.27,346.21,11/10/2022,2200,2232
SUI,9/27/2022,137.22,144.47,11/11/2022,2200,2233
TRNO,9/27/2022,53.2,57.24,10/28/2022,2200,2223
GPN,9/27/2022,107.99,116.15,10/4/2022,2200,2205
AVY,9/27/2022,163,173.79,10/4/2022,2200,2205
EGP,9/27/2022,142.56,150,10/4/2022,2200,2205
ACN,9/27/2022,256.34,274.31,10/4/2022,2200,2205
MOG-A,9/27/2022,70.8,75,10/4/2022,2200,2205
HSBC,9/27/2022,26.68,28.16,11/4/2022,2200,2228
REG,9/27/2022,52.78,56.07,10/4/2022,2200,2205
AQN,9/28/2022,11.6,,,2201,
AB,9/29/2022,35.66,37.63,10/31/2022,2202,2224
ESLT,9/29/2022,190,201.97,10/11/2022,2202,2210
FRO,9/29/2022,10.83,11.92,10/14/2022,2202,2213
ALE,9/30/2022,50.05,52.62,10/4/2022,2203,2205
AVGO,9/30/2022,444.01,479.86,10/4/2022,2203,2205
FTS,9/30/2022,37.99,40.38,11/10/2022,2203,2232
HMC,9/30/2022,21.59,22.94,10/4/2022,2203,2205
IX,9/30/2022,70.67,75.87,10/4/2022,2203,2205
MGEE,9/30/2022,65.63,70.6,11/10/2022,2203,2232
MKC,9/30/2022,71.27,75.86,10/10/2022,2203,2209
MSFT,9/30/2022,232.9,248.88,10/4/2022,2203,2205
NI,9/30/2022,25.19,26.9,10/4/2022,2203,2205
SWX,9/30/2022,69.75,73.89,10/28/2022,2203,2223
TM,9/30/2022,130.29,139.85,10/4/2022,2203,2205
WTRG,9/30/2022,41.38,43.75,10/3/2022,2203,2204
MTD,9/30/2022,1084.12,1179.21,10/4/2022,2203,2205
MTH,9/30/2022,70.27,77.03,10/4/2022,2203,2205
BXMT,9/30/2022,23.34,25.21,10/4/2022,2203,2205
LULU,9/30/2022,279.56,307.8,10/4/2022,2203,2205
MTZ,9/30/2022,63.5,66.89,10/3/2022,2203,2204
MUFG,9/30/2022,4.5,4.73,10/21/2022,2203,2218
URI,9/30/2022,270.12,294.26,10/4/2022,2203,2205
AEIS,9/30/2022,77.41,81.59,10/3/2022,2203,2204
POR,9/30/2022,43.46,45.94,10/4/2022,2203,2205
TSLA,10/3/2022,242.4,258.71,6/13/2023,2204,2378
ALE,10/6/2022,49.72,52.34,10/21/2022,2207,2218
CCI,10/6/2022,137.7,144.97,12/13/2022,2207,2254
CMS,10/6/2022,56.59,59.43,11/16/2022,2207,2236
D,10/6/2022,65.96,69.41,10/28/2022,2207,2223
EQR,10/6/2022,64.45,68.02,7/13/2023,2207,2398
LNT,10/6/2022,51.25,55.52,11/10/2022,2207,2232
MAA,10/6/2022,150.21,163.83,11/10/2022,2207,2232
NI,10/6/2022,25.1,26.55,11/21/2022,2207,2239
PEAK,10/6/2022,22.59,23.77,10/28/2022,2207,2223
SBAC,10/6/2022,268.02,296.87,11/10/2022,2207,2232
UDR,10/6/2022,39.79,41.97,1/27/2023,2207,2284
WTRG,10/6/2022,41.56,44.18,10/28/2022,2207,2223
XEL,10/6/2022,61.82,65.37,10/28/2022,2207,2223
STAG,10/6/2022,28.06,29.85,10/25/2022,2207,2220
IHG,10/6/2022,50.28,53.19,10/25/2022,2207,2220
EGP,10/6/2022,142.12,151.39,10/25/2022,2207,2220
NHI,10/6/2022,52.67,55.71,10/25/2022,2207,2220
WOR,10/6/2022,26.4242,28.1196,10/21/2022,2207,2218
MTZ,10/6/2022,67.5,72.69,10/18/2022,2207,2215
BXMT,10/6/2022,23.1,24.69,10/26/2022,2207,2221
POR,10/6/2022,43.74,46.59,11/10/2022,2207,2232
AEE,10/7/2022,76.96,82.33,10/28/2022,2208,2223
AEP,10/7/2022,82.99,87.42,10/25/2022,2208,2220
AMZN,10/7/2022,114.56,120.6,10/25/2022,2208,2220
APO,10/7/2022,48.77,51.73,10/24/2022,2208,2219
AVB,10/7/2022,172.28,184.5,2/2/2023,2208,2288
AWK,10/7/2022,127.45,134.77,10/18/2022,2208,2215
BIP,10/7/2022,34.43,36.18,10/26/2022,2208,2221
CHRW,10/7/2022,94.81,100.22,11/30/2022,2208,2245
DTE,10/7/2022,107.49,113.64,10/28/2022,2208,2223
DUK,10/7/2022,89.07,94,10/28/2022,2208,2223
ELS,10/7/2022,60.8,63.96,10/31/2022,2208,2224
ES,10/7/2022,74.25,79.12,11/10/2022,2208,2232
EVRG,10/7/2022,57.04,60.2,10/27/2022,2208,2222
EXC,10/7/2022,36.96,39,11/10/2022,2208,2232
EXR,10/7/2022,165.17,178.71,10/28/2022,2208,2223
FR,10/7/2022,44.45,46.81,10/25/2022,2208,2220
ICE,10/7/2022,90.02,95.16,10/25/2022,2208,2220
KAI,10/7/2022,157.98,167.73,10/17/2022,2208,2214
KMB,10/7/2022,109.59,115.48,10/18/2022,2208,2215
MSFT,10/7/2022,234.24,247.25,10/24/2022,2208,2219
PAYX,10/7/2022,109.59,116.48,10/25/2022,2208,2220
PEG,10/7/2022,55.32,59.52,11/10/2022,2208,2232
PSA,10/7/2022,283.67,300.11,10/25/2022,2208,2220
SCL,10/7/2022,92.73,98.28,10/18/2022,2208,2215
SO,10/7/2022,64.12,67.64,11/30/2022,2208,2245
WEC,10/7/2022,85.48,91.6,10/28/2022,2208,2223
WPC,10/7/2022,69.8531,74.3487,10/28/2022,2208,2223
ISRG,10/7/2022,188.68,211.14,10/19/2022,2208,2216
SCI,10/7/2022,60,67.52,11/2/2022,2208,2226
ACLS,10/7/2022,61.46,65.05,11/4/2022,2208,2228
CBRE,10/7/2022,69.43,77.22,11/10/2022,2208,2232
KLAC,10/7/2022,314.16,337.17,11/7/2022,2208,2229
WU,10/7/2022,13.47,14.31,10/18/2022,2208,2215
UFPI,10/7/2022,72.53,78.41,11/10/2022,2208,2232
CNS,10/7/2022,60.44,64.45,11/10/2022,2208,2232
AEIS,10/7/2022,78.08,83,11/4/2022,2208,2228
ORCL,10/7/2022,63.29,67.02,10/17/2022,2208,2214
NUE,10/7/2022,115.01,124,10/13/2022,2208,2212
ADI,10/10/2022,140.9,148.93,11/7/2022,2209,2229
AVGO,10/10/2022,437.7,460.07,10/25/2022,2209,2220
IRM,10/10/2022,45.08,47.69,10/24/2022,2209,2219
IX,10/10/2022,71.58,76.64,11/11/2022,2209,2233
LAMR,10/10/2022,83.78,88.73,10/18/2022,2209,2215
PFE,10/10/2022,41.75,44.09,10/18/2022,2209,2215
QQQ,10/10/2022,266.41,284.21,10/25/2022,2209,2220
HTHT,10/10/2022,31.03,32.98,11/3/2022,2209,2227
IDXX,10/10/2022,324.72,342.16,10/18/2022,2209,2215
CBRL,10/10/2022,90.78,97.35,10/13/2022,2209,2212
FRT,10/10/2022,89.19,96.65,10/25/2022,2209,2220
SMCI,10/10/2022,56.25,61.34,10/20/2022,2209,2217
LSCC,10/10/2022,49.29,52.58,11/1/2022,2209,2225
ALNY,10/10/2022,186.82,198.88,10/21/2022,2209,2218
ESNT,10/10/2022,35.21,37.08,10/18/2022,2209,2215
EXPE,10/10/2022,92.69,98.11,10/18/2022,2209,2215
BRKR,10/10/2022,54.43,57.71,10/18/2022,2209,2215
DLB,10/10/2022,64.19,67.62,11/1/2022,2209,2225
ED,10/10/2022,81.49,85.85,10/25/2022,2209,2220
^IXIC,10/11/2022,10426.1904,10952.6104,10/24/2022,2210,2219
CDNS,10/11/2022,148.04,155.56,10/18/2022,2210,2215
MA,10/11/2022,286.05,300.38,10/18/2022,2210,2215
UNP,10/11/2022,192.64,204.01,11/8/2022,2210,2230
TYL,10/11/2022,329.76,352.23,12/1/2022,2210,2246
GPN,10/11/2022,107.81,113.67,10/18/2022,2210,2215
BMO,10/11/2022,83.26,88.8,10/17/2022,2210,2214
TEL,10/11/2022,109.92,115.48,10/24/2022,2210,2219
ACN,10/11/2022,252.98,269.57,10/21/2022,2210,2218
GLW,10/11/2022,29.9,31.5,10/18/2022,2210,2215
MELI,10/11/2022,834.67,881.75,10/28/2022,2210,2223
WEX,10/11/2022,135.57,142.78,10/21/2022,2210,2218
WDAY,10/11/2022,142.7,152.61,10/18/2022,2210,2215
AMCR,10/12/2022,10.59,11.2,10/18/2022,2211,2215
BCE,10/12/2022,40.77,42.91,10/17/2022,2211,2214
CSCO,10/12/2022,39.27,41.3,10/17/2022,2211,2214
HMC,10/12/2022,21.76,22.97,11/1/2022,2211,2225
J,10/12/2022,109.58,115.79,10/18/2022,2211,2215
NEE,10/12/2022,72.75,79.03,10/28/2022,2211,2223
ANET,10/12/2022,103.65,110.52,10/21/2022,2211,2218
DIOD,10/12/2022,66.44,70.02,10/18/2022,2211,2215
MCHP,10/12/2022,57.84,61.85,10/21/2022,2211,2218
ENB,10/12/2022,35.62,37.88,10/21/2022,2211,2218
MTH,10/12/2022,70.9,76.75,10/28/2022,2211,2223
CNP,10/12/2022,25.55,26.96,10/18/2022,2211,2215
OGE,10/12/2022,33.98,35.96,10/25/2022,2211,2220
ETR,10/12/2022,96.58,103.44,10/18/2022,2211,2215
PBA,10/12/2022,30.22,31.91,10/19/2022,2211,2216
CRH,10/12/2022,31.99,33.97,10/18/2022,2211,2215
WSO,10/14/2022,241.47,257.28,10/18/2022,2213,2215
MANH,10/14/2022,122.21,131.37,10/18/2022,2213,2215
BLDR,10/14/2022,57.96,60.86,10/27/2022,2213,2222
TM,10/19/2022,132.97,140.52,11/10/2022,2216,2232
AMRC,10/19/2022,60.52,63.61,11/15/2022,2216,2235
CDNS,10/20/2022,153.05,162.02,11/10/2022,2217,2232
KAI,10/20/2022,160.65,169.49,10/24/2022,2217,2219
SRE,10/20/2022,69.87,73.765,10/26/2022,2217,2221
WSO,10/20/2022,238.59,252.38,10/24/2022,2217,2219
NOK,10/20/2022,4.16,4.41,10/25/2022,2217,2220
NTRS,10/20/2022,77.21,82.02,10/25/2022,2217,2220
PAG,10/20/2022,96.07,103.81,10/25/2022,2217,2220
PHM,10/20/2022,36.59,39.55,10/25/2022,2217,2220
PODD,10/20/2022,212.22,227,10/21/2022,2217,2218
WU,10/20/2022,13.44,14.12,11/22/2022,2217,2240
SKY,10/20/2022,53.42,59.48,10/25/2022,2217,2220
EXPE,10/20/2022,93.15,98.71,10/25/2022,2217,2220
MAS,10/20/2022,44.67,47.08,10/24/2022,2217,2219
AWI,10/26/2022,74.5,79.03,11/10/2022,2221,2232
AMZN,10/27/2022,110.96,118.15,5/18/2023,2222,2361
GOOG,10/27/2022,92.6,98.72,11/15/2022,2222,2235
GOOGL,10/27/2022,92.22,98.44,11/15/2022,2222,2235
MSFT,10/27/2022,226.75,242.98,11/10/2022,2222,2232
CYTK,10/27/2022,42.59,45.12,12/21/2022,2222,2260
PTCT,10/28/2022,38.47,40.48,11/18/2022,2223,2238
CRI,10/31/2022,67.87,73.19,11/11/2022,2224,2233
PBR-A,10/31/2022,11.51,12.44,6/9/2023,2224,2376
RRX,11/1/2022,120.31,127.62,11/10/2022,2225,2232
OTTR,11/1/2022,62.3,66.14,2/2/2023,2225,2288
MCO,11/2/2022,256.11,294.26,11/10/2022,2226,2232
PSA,11/2/2022,283.02,302.81,11/10/2022,2226,2232
QQQ,11/2/2022,265.68,282.75,11/10/2022,2226,2232
SFBS,11/2/2022,73.85,77.86,11/15/2022,2226,2235
GPN,11/2/2022,107.58,113.43,1/23/2023,2226,2280
TRMB,11/2/2022,53.65,57.2,11/7/2022,2226,2229
FWONK,11/2/2022,52.9105,56.0767,11/7/2022,2226,2229
WDAY,11/2/2022,143.51,153.13,11/10/2022,2226,2232
FWONA,11/2/2022,47.8487,52.0039,11/8/2022,2226,2230
MTX,11/2/2022,52.61,57.03,11/10/2022,2226,2232
SKY,11/2/2022,47.47,55.2,11/10/2022,2226,2232
CRM,11/2/2022,150.01,157.73,11/11/2022,2226,2233
MANH,11/2/2022,112.83,120.95,11/10/2022,2226,2232
MAS,11/2/2022,44.12,50.18,11/10/2022,2226,2232
^IXIC,11/3/2022,10342.9404,11114.1504,11/10/2022,2227,2232
AB,11/3/2022,35.92,39.24,11/11/2022,2227,2233
AVGO,11/3/2022,444.12,475.22,11/7/2022,2227,2229
CPK,11/3/2022,109.47,116.7,11/18/2022,2227,2238
DHR,11/3/2022,214.0248,237.4734,11/10/2022,2227,2232
ELS,11/3/2022,61.55,65.84,11/10/2022,2227,2232
ESLT,11/3/2022,194.81,207.6,5/18/2023,2227,2361
PANW,11/3/2022,149.7,163.46,11/10/2022,2227,2232
NTRS,11/3/2022,82.01,90.4,11/10/2022,2227,2232
BXMT,11/3/2022,23.64,25.58,11/10/2022,2227,2232
ASML,11/3/2022,439.92,468.76,11/4/2022,2227,2228
BC,11/3/2022,66.24,70.17,11/8/2022,2227,2230
EXPE,11/3/2022,87.63,92.63,11/4/2022,2227,2228
BLDR,11/3/2022,56.56,60.91,11/8/2022,2227,2230
AMH,11/4/2022,30.67,32.5,11/10/2022,2228,2232
NXST,11/4/2022,155.5,167.45,11/8/2022,2228,2230
VIAV,11/4/2022,10.99,11.66,2/3/2023,2228,2289
ACAD,11/4/2022,14.67,16.42,11/10/2022,2228,2232
D,11/7/2022,62.94,,,2229,
SWX,11/9/2022,64.07,68.46,11/21/2022,2231,2239
TRMB,11/9/2022,54.05,59.16,11/10/2022,2231,2232
ACIW,11/9/2022,20,21.61,11/15/2022,2231,2235
EXR,11/14/2022,154.33,165.11,2/2/2023,2234,2288
SKY,11/14/2022,51.22,54.12,12/12/2022,2234,2253
HQY,11/15/2022,61.12,65.52,12/2/2022,2235,2247
NHI,11/16/2022,53.2,56.26,11/30/2022,2236,2245
CACC,11/16/2022,481.46,526.08,2/1/2023,2236,2287
FLT,11/17/2022,187.74,198.71,1/20/2023,2237,2279
RBA,11/17/2022,55.13,58.03,12/29/2022,2237,2265
BXMT,11/17/2022,23.93,25.19,11/25/2022,2237,2242
RGEN,11/17/2022,174.69,188.17,12/1/2022,2237,2246
WOLF,11/28/2022,83.96,90.92,11/30/2022,2243,2245
IONS,11/29/2022,38.76,40.79,11/30/2022,2244,2245
ACAD,11/29/2022,14.67,15.58,11/30/2022,2244,2245
RRX,12/2/2022,126,134.39,1/11/2023,2247,2273
WOLF,12/2/2022,84.29,,,2247,
DKL,12/5/2022,48.43,51.04,3/8/2023,2248,2311
NLY,12/5/2022,21.26,22.33,12/22/2022,2248,2261
BXMT,12/5/2022,23.61,,,2248,
RGEN,12/5/2022,178.61,190.81,1/23/2023,2248,2280
CMA,12/5/2022,66.52,71.96,1/23/2023,2248,2280
BIP,12/6/2022,33.88,36.03,1/23/2023,2249,2280
TLK,12/6/2022,23.37,24.63,1/11/2023,2249,2273
ALB,12/6/2022,257.99,270.98,1/25/2023,2249,2282
IONS,12/6/2022,38.03,40.12,1/5/2023,2249,2269
BX,12/6/2022,78.73,83.44,12/13/2022,2249,2254
ACAD,12/6/2022,14.9,15.82,12/13/2022,2249,2254
PTCT,12/6/2022,39.68,44.36,1/10/2023,2249,2272
MANH,12/6/2022,117.01,123.3,12/13/2022,2249,2254
TYL,12/7/2022,308.83,325.21,12/12/2022,2250,2253
MTB,12/7/2022,147.97,155.89,1/25/2023,2250,2282
CRM,12/7/2022,130.48,139.59,1/4/2023,2250,2268
HQY,12/9/2022,62.52,65.69,2/15/2023,2252,2297
AMRC,12/12/2022,59.7,63.64,12/13/2022,2253,2254
SFBS,12/14/2022,67.69,71.73,1/12/2023,2255,2274
BX,12/15/2022,77.4,83.07,1/11/2023,2256,2273
BPOP,12/15/2022,63.33,67.13,1/4/2023,2256,2268
SWX,12/16/2022,63.69,67.07,1/25/2023,2257,2282
AZPN,12/16/2022,201.11,211.66,2/7/2023,2257,2291
COF,12/16/2022,90.1,95.8,1/4/2023,2257,2268
CFR,12/16/2022,125.74,132.1,12/28/2022,2257,2264
CSL,12/19/2022,237.31,250.86,1/31/2023,2258,2286
AMRC,12/19/2022,56.7,59.63,12/21/2022,2258,2260
TRMB,12/19/2022,49.56,52.24,1/9/2023,2258,2271
CYBR,12/19/2022,127.63,136.31,1/23/2023,2258,2280
EXPE,12/19/2022,85.26,90.99,1/4/2023,2258,2268
OMF,12/19/2022,33.21,35.94,1/6/2023,2258,2270
LULU,12/20/2022,307.12,323.38,1/3/2023,2259,2267
HI,12/20/2022,41.71,43.9,1/6/2023,2259,2270
TGT,12/21/2022,142.3,151.73,1/3/2023,2260,2267
PANW,12/23/2022,141.27,149.34,1/23/2023,2262,2280
CBRL,1/3/2023,94.41,104.78,1/10/2023,2267,2272
AMRC,1/3/2023,55.62,59.03,1/11/2023,2267,2273
FRO,1/4/2023,10.68,11.33,1/9/2023,2268,2271
NVEE,1/5/2023,120.98,131.22,1/6/2023,2269,2270
ANET,1/5/2023,109.49,115.23,1/10/2023,2269,2272
MOH,1/10/2023,292,311.83,1/31/2023,2272,2286
LHX,1/12/2023,199.75,212.1,1/27/2023,2274,2284
GBCI,1/18/2023,46.36,,,2277,
UCBI,1/19/2023,31.01,32.69,2/1/2023,2278,2287
COLB,1/19/2023,27.6,29.35,1/24/2023,2278,2281
ANET,1/19/2023,111.51,119.16,1/23/2023,2278,2280
BX,1/19/2023,80.52,85.01,1/20/2023,2278,2279
SMCI,1/19/2023,70.86,78.25,1/24/2023,2278,2281
LULU,1/19/2023,307.94,325.23,2/15/2023,2278,2297
BANF,1/20/2023,82.78,86.92,2/7/2023,2279,2291
EQNR,1/24/2023,30.58,33.03,2/10/2023,2281,2294
FIBK,1/27/2023,33.62,35.88,1/31/2023,2284,2286
NOC,1/27/2023,437.65,463.86,2/10/2023,2284,2294
SMCI,1/27/2023,74.3,79.74,2/1/2023,2284,2287
PFE,1/30/2023,43.55,,,2285,
AMN,1/30/2023,95.47,102.4,2/2/2023,2285,2288
CFR,1/30/2023,126.33,133.18,2/7/2023,2285,2291
CELH,2/3/2023,30.71,33.15,2/6/2023,2289,2290
SIRI,2/6/2023,4.99,5.29,7/18/2023,2290,2401
AMN,2/7/2023,97.89,105.16,6/7/2023,2291,2374
FIBK,2/9/2023,36.45,,,2293,
IFF,2/9/2023,91.36,96.27,2/13/2023,2293,2295
AMRC,2/10/2023,53.97,59.94,2/15/2023,2294,2297
EQNR,2/17/2023,30.65,32.55,8/9/2023,2299,2417
AMRC,2/21/2023,51.89,54.75,7/12/2023,2300,2397
LPX,2/21/2023,56.73,60.2,3/2/2023,2300,2307
GMAB,2/23/2023,37.38,40.76,4/13/2023,2302,2336
KT,2/24/2023,11.48,12.1,5/30/2023,2303,2368
NVEE,2/24/2023,107.59,113.92,12/26/2023,2303,2513
ALNY,2/24/2023,189.78,202.58,3/3/2023,2303,2308
NWS,2/28/2023,17.26,18.29,5/12/2023,2305,2357
NWSA,2/28/2023,17.15,18.16,5/12/2023,2305,2357
MOH,2/28/2023,275.33,289.83,4/10/2023,2305,2333
CNC,2/28/2023,68.4,72.12,10/17/2023,2305,2465
IFF,3/1/2023,91.64,96.34,4/17/2023,2306,2338
NBIX,3/2/2023,100.16,105.22,8/11/2023,2307,2419
HALO,3/2/2023,46.03,,,2307,
MSTR,3/6/2023,237.45,267.66,3/17/2023,2309,2318
ATSG,3/7/2023,21.71,22.97,8/4/2023,2310,2414
NDAQ,3/7/2023,55.01,57.83,6/9/2023,2310,2376
SBAC,3/7/2023,246.07,258.44,3/16/2023,2310,2317
LULU,3/7/2023,301.81,317.22,3/27/2023,2310,2324
ICUI,3/7/2023,157.47,167.29,4/4/2023,2310,2330
ALNY,3/8/2023,190.41,200.32,3/31/2023,2311,2328
CVBF,3/9/2023,21.45,,,2312,
MORN,3/9/2023,201.12,211.65,7/18/2023,2312,2401
NXST,3/9/2023,162.51,172.66,3/31/2023,2312,2328
BKU,3/9/2023,30.42,33,12/14/2023,2312,2506
CELH,3/9/2023,29,30.84,3/27/2023,2312,2324
FCNCA,3/9/2023,642.67,895.61,3/27/2023,2312,2324
WU,3/9/2023,11.35,12.01,5/4/2023,2312,2351
CYTK,3/9/2023,36.86,39.34,5/3/2023,2312,2350
OZK,3/9/2023,37.94,41.62,6/7/2023,2312,2374
BN,3/10/2023,29.99,31.63,3/30/2023,2313,2327
PEAK,3/10/2023,21.42,,,2313,
THRM,3/10/2023,59.63,66.06,8/1/2023,2313,2411
ALB,3/10/2023,225.13,237.52,7/7/2023,2313,2394
COLB,3/10/2023,23.92,25.98,12/13/2023,2313,2505
ISRG,3/10/2023,224.75,240.5,3/16/2023,2313,2317
NLY,3/10/2023,18.4,19.35,4/13/2023,2313,2336
VLY,3/10/2023,10.05,11.03,12/14/2023,2313,2506
TRMB,3/10/2023,48.28,51.44,3/29/2023,2313,2326
ARMK,3/10/2023,24.9747,26.4621,5/10/2023,2313,2355
BOH,3/10/2023,63.38,70.54,12/13/2023,2313,2505
CACC,3/10/2023,416.51,456.16,4/11/2023,2313,2334
INDB,3/10/2023,70.59,,,2313,
WBS,3/10/2023,43.03,45.58,7/20/2023,2313,2403
EWBC,3/10/2023,62.71,66.95,12/4/2023,2313,2498
CMA,3/10/2023,58.81,,,2313,
SFBS,3/13/2023,58.07,61.02,8/11/2023,2314,2419
UMBF,3/13/2023,65.08,70.17,7/19/2023,2314,2402
UCBI,3/13/2023,27.37,29.08,7/26/2023,2314,2407
RF,3/13/2023,18.85,20.02,7/19/2023,2314,2402
FHN,3/13/2023,16.04,17.26,3/27/2023,2314,2324
RJF,3/13/2023,89.31,95.13,3/21/2023,2314,2320
PB,3/13/2023,62.24,67.59,12/14/2023,2314,2506
SEE,3/13/2023,44.96,47.26,4/17/2023,2314,2338
MTB,3/13/2023,127.11,134.76,7/18/2023,2314,2401
LUV,3/13/2023,31.06,32.71,4/11/2023,2314,2334
PRU,3/13/2023,82.18,87.08,4/17/2023,2314,2338
COF,3/13/2023,93.32,98.43,4/11/2023,2314,2334
HQY,3/13/2023,52.44,57.7,3/14/2023,2314,2315
ACIW,3/13/2023,22.98,25.78,3/16/2023,2314,2317
CADE,3/13/2023,21.94,23.15,7/24/2023,2314,2405
AIN,3/13/2023,89.87,94.41,7/25/2023,2314,2406
UFPI,3/13/2023,77.39,82.26,5/3/2023,2314,2350
MTX,3/13/2023,57.2,60.42,3/31/2023,2314,2328
HBAN,3/13/2023,11.12,11.71,4/17/2023,2314,2338
BPOP,3/13/2023,54.92,58.24,4/10/2023,2314,2333
PLAY,3/13/2023,34.17,35.95,3/20/2023,2314,2319
CFR,3/13/2023,103.75,111.52,3/14/2023,2314,2315
ENV,3/13/2023,54.1,57.27,3/30/2023,2314,2327
EXPE,3/13/2023,95,103.27,6/2/2023,2314,2371
WTFC,3/13/2023,71.05,74.97,3/14/2023,2314,2315
BANR,3/13/2023,51.92,57.31,3/16/2023,2314,2317
HES,3/13/2023,124.83,133,3/29/2023,2314,2326
OMF,3/13/2023,35.67,37.55,4/13/2023,2314,2336
PFG,3/13/2023,72.13,75.89,4/14/2023,2314,2337
ACHC,3/13/2023,68.35,72.25,3/31/2023,2314,2328
ABR,3/14/2023,12.12,12.78,5/15/2023,2315,2358
ALK,3/14/2023,42.26,44.41,4/21/2023,2315,2342
WLY,3/14/2023,35.42,37.41,3/20/2023,2315,2319
STE,3/15/2023,176.39,186.32,3/27/2023,2316,2324
STLD,3/15/2023,101.75,107.67,3/20/2023,2316,2319
MUFG,3/15/2023,6.14,6.47,4/3/2023,2316,2329
CI,3/15/2023,270.36,284.82,7/18/2023,2316,2401
ROIC,3/16/2023,12.87,13.96,3/31/2023,2317,2328
KIM,3/16/2023,18.35,19.53,3/31/2023,2317,2328
SBRA,3/16/2023,11.06,11.82,4/11/2023,2317,2334
AIZ,3/17/2023,104.92,111.19,3/20/2023,2318,2319
SPG,3/17/2023,104.31,111.97,3/31/2023,2318,2328
DRH,3/17/2023,7.76,8.23,4/11/2023,2318,2334
STWD,3/17/2023,16.74,17.69,3/31/2023,2318,2328
DFS,3/17/2023,92.24,98.34,3/21/2023,2318,2320
CATY,3/20/2023,35.68,38.35,7/26/2023,2319,2407
FRME,3/20/2023,34.39,36.2,3/21/2023,2319,2320
CFR,3/20/2023,104.73,110.27,4/27/2023,2319,2346
SBAC,3/22/2023,246.21,261.07,3/31/2023,2321,2328
SUI,3/22/2023,129.45,137.06,3/29/2023,2321,2326
ALL,3/23/2023,105.58,114.25,4/3/2023,2322,2329
FULT,3/23/2023,13.7,14.69,8/3/2023,2322,2413
IQV,3/23/2023,188,198.89,3/31/2023,2322,2328
RJF,3/23/2023,91.31,96.82,4/18/2023,2322,2339
FNB,3/23/2023,11.26,12.14,6/7/2023,2322,2374
WAFD,3/23/2023,28.97,30.43,7/19/2023,2322,2402
UGI,3/23/2023,32.68,34.76,3/31/2023,2322,2328
MET,3/23/2023,54.3,57.05,3/30/2023,2322,2327
FRME,3/23/2023,32.95,36.59,12/13/2023,2322,2505
TEX,3/23/2023,46.61,49.68,5/3/2023,2322,2350
SHO,3/23/2023,8.87,9.36,3/29/2023,2322,2326
CBRE,3/23/2023,68.91,72.81,3/31/2023,2322,2328
ING,3/23/2023,11.45,12.13,4/3/2023,2322,2329
HST,3/23/2023,14.86,15.76,3/29/2023,2322,2326
KMPR,3/23/2023,52.38,55.66,4/3/2023,2322,2329
CNS,3/23/2023,60.54,63.96,3/31/2023,2322,2328
PLAY,3/23/2023,35.19,39.91,6/7/2023,2322,2374
AER,3/23/2023,51.01,53.7,3/29/2023,2322,2326
WLY,3/23/2023,36.3,38.27,3/30/2023,2322,2327
WTFC,3/23/2023,69.65,73.72,4/17/2023,2322,2338
BANR,3/23/2023,52.97,,,2322,
TS,3/23/2023,28.14,29.55,4/3/2023,2322,2329
DFS,3/23/2023,93.57,98.84,3/31/2023,2322,2328
WFG,3/23/2023,68.92,72.9,4/10/2023,2322,2333
MODG,3/23/2023,20.49,21.62,3/31/2023,2322,2328
URI,3/23/2023,382.18,410.09,6/13/2023,2322,2378
ASB,3/23/2023,17.66,18.72,7/19/2023,2322,2402
PXD,3/23/2023,189.18,202.28,3/29/2023,2322,2326
MMYT,3/23/2023,24.33,25.57,5/8/2023,2322,2353
VTRS,3/23/2023,9.2,9.8,4/5/2023,2322,2331
AB,3/24/2023,33.49,35.43,3/28/2023,2323,2325
CSL,3/24/2023,212.05,222.75,3/29/2023,2323,2326
CBU,4/4/2023,50.34,53.05,6/2/2023,2330,2371
CSL,4/4/2023,212.23,225.93,6/2/2023,2330,2371
UGI,4/4/2023,34.09,,,2330,
UBSI,4/4/2023,33.82,37.07,12/13/2023,2330,2505
CELH,4/4/2023,29.97,31.8567,4/28/2023,2330,2347
CBRE,4/4/2023,70.91,76.14,4/27/2023,2330,2346
WLY,4/4/2023,37.87,40.1,6/7/2023,2330,2374
PLXS,4/5/2023,91.1,96.51,4/13/2023,2331,2336
RRX,4/5/2023,129.16,139.97,6/2/2023,2331,2371
TRMB,4/5/2023,49.16,52.03,6/13/2023,2331,2378
STLD,4/5/2023,103.22,111.46,4/20/2023,2331,2341
CNS,4/5/2023,61.73,64.9,7/18/2023,2331,2401
TRN,4/5/2023,23.52,25.57,6/29/2023,2331,2389
HUBG,4/5/2023,39.405,41.53,4/24/2023,2331,2343
CAT,4/6/2023,209.17,220.6,4/11/2023,2332,2334
WIRE,4/6/2023,159.37,168.27,4/14/2023,2332,2337
MTX,4/6/2023,58.05,61.21,5/5/2023,2332,2352
STWD,4/6/2023,17.2,18.4,6/2/2023,2332,2371
CBSH,4/11/2023,55.81,,,2334,
FFBC,4/12/2023,20.57,22.27,6/7/2023,2335,2374
TOWN,4/14/2023,24.77,26.35,7/26/2023,2337,2407
KMPR,4/14/2023,52.58,55.69,4/19/2023,2337,2340
TS,4/17/2023,29.31,31.03,7/11/2023,2338,2396
TSLA,4/20/2023,162.99,171.79,5/8/2023,2341,2353
PLXS,4/21/2023,91.02,95.8,6/7/2023,2342,2374
FHN,4/21/2023,18.25,,,2342,
COF,4/21/2023,96.59,102.17,5/23/2023,2342,2364
HBAN,4/21/2023,11.44,12.11,7/24/2023,2342,2405
KMPR,4/24/2023,53.82,56.89,1/22/2024,2343,2530
SNX,4/25/2023,87.04,92.22,6/2/2023,2344,2371
RJF,4/25/2023,91.37,96.87,6/7/2023,2344,2374
SANM,4/25/2023,51.64,54.82,5/26/2023,2344,2367
SSB,4/25/2023,65.59,68.98,4/28/2023,2344,2347
HQY,4/25/2023,53.47,56.65,5/15/2023,2344,2358
STLD,4/25/2023,104,110.78,7/3/2023,2344,2391
ALK,4/25/2023,42.5,45.25,5/17/2023,2344,2360
SBRA,4/25/2023,10.89,11.49,5/10/2023,2344,2355
THG,4/25/2023,117.89,124.17,11/27/2023,2344,2493
BPOP,4/25/2023,57.17,60.31,5/23/2023,2344,2364
DRH,4/25/2023,7.91,8.42,5/4/2023,2344,2351
CCI,4/26/2023,120.14,,,2345,
CRI,4/26/2023,67.51,72.6,6/30/2023,2345,2390
IQV,4/26/2023,189.98,201.77,5/22/2023,2345,2363
SCL,4/26/2023,89.24,93.86,5/22/2023,2345,2363
WIRE,4/26/2023,145.75,153.45,4/27/2023,2345,2346
NXST,4/26/2023,169.39,178.48,7/13/2023,2345,2398
ROIC,4/26/2023,12.62,13.78,6/7/2023,2345,2374
NTRS,4/26/2023,76.48,81.28,7/19/2023,2345,2402
PRU,4/26/2023,83.7,88.22,6/30/2023,2345,2390
TFII,4/26/2023,102,107.8,4/28/2023,2345,2347
CMC,4/26/2023,45.26,47.62,6/13/2023,2345,2378
GGB,4/26/2023,4.72,4.99,4/28/2023,2345,2347
PFG,4/26/2023,72.98,76.68,7/10/2023,2345,2395
WFG,4/26/2023,71.16,75.04,5/5/2023,2345,2352
HUBG,4/26/2023,38.73,40.71,7/3/2023,2345,2391
LAZ,4/26/2023,32.4,34.12,7/12/2023,2345,2397
CALM,4/27/2023,48.12,50.54,11/14/2023,2346,2485
ICLR,4/27/2023,190.71,205.85,5/15/2023,2346,2358
AZPN,4/27/2023,174.9,198.22,8/2/2023,2346,2412
IP,4/27/2023,33.01,35.4,7/27/2023,2346,2408
IEP,5/2/2023,40.36,,,2349,
SEE,5/2/2023,42.68,45.95,7/19/2023,2349,2402
NLY,5/2/2023,18.88,19.91,6/6/2023,2349,2373
SSB,5/2/2023,64.42,69.04,6/6/2023,2349,2373
TFSL,5/2/2023,11.63,12.37,6/6/2023,2349,2373
CFR,5/2/2023,101.89,109,6/6/2023,2349,2373
GGB,5/2/2023,4.82,5.08,6/6/2023,2349,2373
CIGI,5/2/2023,94.45,101.2,6/7/2023,2349,2374
ACHC,5/2/2023,67.21,71.4,5/11/2023,2349,2356
EVR,5/2/2023,108.7,114.24,6/6/2023,2349,2373
SBAC,5/3/2023,240.92,254.21,12/27/2023,2350,2514
KIM,5/3/2023,18.45,19.41,6/7/2023,2350,2374
FRO,5/3/2023,14.89,15.74,6/14/2023,2350,2379
OMF,5/3/2023,36.25,38.57,5/30/2023,2350,2368
AB,5/4/2023,33.19,34.86,5/10/2023,2351,2355
APO,5/4/2023,58.04,61.83,5/8/2023,2351,2353
EXPO,5/4/2023,88.23,94.38,6/2/2023,2351,2371
BANF,5/4/2023,71.6,75.29,5/5/2023,2351,2352
AMP,5/4/2023,282.02,298.87,5/15/2023,2351,2358
MET,5/4/2023,54.11,57.28,7/3/2023,2351,2391
KLIC,5/4/2023,45.38,48.36,5/15/2023,2351,2358
NUE,5/4/2023,139.88,147.93,6/7/2023,2351,2374
MPWR,5/5/2023,411.27,432.02,5/19/2023,2352,2362
WNS,5/9/2023,73.93,77.9,5/23/2023,2354,2364
TEX,5/9/2023,47.48,51.91,6/2/2023,2354,2371
IFF,5/10/2023,86.75,,,2355,
WAT,5/10/2023,272.43,288.72,7/21/2023,2355,2404
HTHT,5/10/2023,41.67,44.07,6/13/2023,2355,2378
TSLA,5/10/2023,168.54,180.14,5/19/2023,2355,2362
MODG,5/10/2023,18.8,19.78,6/15/2023,2355,2380
G,5/11/2023,36.06,37.89,5/17/2023,2356,2360
LDOS,5/11/2023,78.27,82.7,6/7/2023,2356,2374
RGEN,5/11/2023,152.34,166.74,5/22/2023,2356,2363
DKL,5/12/2023,41.95,46.95,5/18/2023,2357,2361
PSEC,5/12/2023,6.08,6.43,5/22/2023,2357,2363
MSTR,5/12/2023,271,290.57,5/17/2023,2357,2360
AB,5/16/2023,33.37,35.21,6/1/2023,2359,2370
PINC,5/18/2023,26.67,28.07,8/1/2023,2361,2411
ABR,5/19/2023,12.3,13.44,6/2/2023,2362,2371
AGCO,5/19/2023,114.33,120.63,6/6/2023,2362,2373
T,5/24/2023,15.95,16.76,12/1/2023,2365,2497
NOK,5/24/2023,3.94,4.15,6/14/2023,2365,2379
LSCC,5/24/2023,76.05,83.13,5/26/2023,2365,2367
AWI,5/24/2023,63.7,67.65,6/7/2023,2365,2374
PTCT,5/24/2023,46.95,,,2365,
G,5/25/2023,37.39,39.38,6/15/2023,2366,2380
TGT,5/30/2023,133.84,141.14,12/14/2023,2368,2506
ENV,5/30/2023,52.13,55.52,6/15/2023,2368,2380
IPAR,5/31/2023,125.6,135.14,6/6/2023,2369,2373
FIVE,5/31/2023,172.52,182.55,6/2/2023,2369,2371
CVCO,5/31/2023,248.98,270.95,6/2/2023,2369,2371
OLN,5/31/2023,47.31,51.35,6/2/2023,2369,2371
DG,6/1/2023,161.86,172.22,6/22/2023,2370,2384
CIG-C,6/1/2023,3.32,3.55,6/2/2023,2370,2371
EURN,6/1/2023,15.16,15.96,6/2/2023,2370,2371
CBRL,6/6/2023,92.87,97.69,7/19/2023,2373,2402
WNS,6/9/2023,74.43,,,2376,
IART,6/9/2023,40.62,42.91,7/12/2023,2376,2397
AUB,6/12/2023,28.56,30.62,7/19/2023,2377,2402
HTHT,6/21/2023,39.67,41.73,7/11/2023,2383,2396
AY,6/22/2023,23.5,25,7/26/2023,2384,2407
ASH,6/23/2023,81.95,87.17,6/29/2023,2385,2389
G,6/23/2023,36.79,38.97,7/13/2023,2385,2398
WLY,6/23/2023,30.79,32.8,6/27/2023,2385,2387
DG,6/26/2023,167.69,,,2386,
ACIW,6/26/2023,21.56,23.18,6/29/2023,2386,2389
SUPN,6/26/2023,30.39,32.18,8/4/2023,2386,2414
MTD,6/27/2023,1272.22,1340.03,7/19/2023,2387,2402
FRO,6/27/2023,13.36,14.53,6/30/2023,2387,2390
TR,6/28/2023,35.11,,,2388,
RGEN,6/28/2023,139.09,148.09,7/11/2023,2388,2396
HUM,7/13/2023,424.29,447.26,7/19/2023,2398,2402
NOK,7/17/2023,3.85,4.05,9/6/2023,2400,2436
AXON,7/21/2023,179.96,200.44,8/9/2023,2404,2417
DKL,7/26/2023,45.16,47.62,7/31/2023,2407,2410
FMC,7/27/2023,95.21,,,2408,
CHDN,7/28/2023,118.33,124.65,8/23/2023,2409,2427
IRDM,8/2/2023,50.91,,,2412,
CWEN-A,8/2/2023,23.72,25.07,12/14/2023,2412,2506
CWEN,8/2/2023,25.27,26.66,12/14/2023,2412,2506
CYTK,8/2/2023,31.08,33.19,8/4/2023,2412,2414
DKL,8/3/2023,44.51,47.39,11/1/2023,2413,2476
PODD,8/4/2023,263.14,,,2414,
RMD,8/4/2023,179.25,190.15,1/26/2024,2414,2534
SXT,8/4/2023,61.54,64.64,9/5/2023,2414,2435
CPB,8/8/2023,43.31,,,2416,
ACAD,8/8/2023,26.72,28.72,8/15/2023,2416,2421
ALB,8/9/2023,194.22,,,2417,
SMCI,8/9/2023,266.13,282.16,9/1/2023,2417,2434
MODG,8/9/2023,16.96,,,2417,
AMRC,8/10/2023,50.12,,,2418,
LPX,8/11/2023,62.7,69.41,12/14/2023,2419,2506
FWRD,8/11/2023,77.65,,,2419,
SEE,8/15/2023,36.55,,,2421,
TSLA,8/15/2023,232.96,257.18,8/29/2023,2421,2431
DFS,8/15/2023,92.96,99.08,12/5/2023,2421,2499
ALK,8/16/2023,44.59,,,2422,
ACLS,8/17/2023,159.83,171.43,8/21/2023,2423,2425
DXCM,8/17/2023,107.81,113.98,11/27/2023,2423,2493
MSTR,8/17/2023,346.79,381.52,8/29/2023,2423,2431
TKR,8/18/2023,74.78,81.26,12/14/2023,2424,2506
AES,8/21/2023,17.91,19.33,12/13/2023,2425,2505
GPK,8/21/2023,21.47,23.35,9/14/2023,2425,2442
COLB,8/22/2023,18.88,20.42,8/28/2023,2426,2430
PINC,8/23/2023,21.89,23.05,9/6/2023,2427,2436
ZBH,8/23/2023,114.85,122.67,9/6/2023,2427,2436
MSTR,8/31/2023,357.53,377.49,10/23/2023,2433,2469
NXST,9/1/2023,141.5,149.61,9/13/2023,2434,2441
FIVE,9/5/2023,166.03,176.32,10/17/2023,2435,2465
LUV,9/5/2023,30.77,32.33,2/8/2024,2435,2543
SCL,9/6/2023,80.14,86.08,12/4/2023,2436,2498
SMCI,9/6/2023,274.03,288.86,10/2/2023,2436,2454
PLAY,9/6/2023,37.4,39.93,11/27/2023,2436,2493
HTHT,9/7/2023,38.35,40.76,9/14/2023,2437,2442
WFG,9/7/2023,70.62,74.4,11/3/2023,2437,2478
CFR,9/7/2023,91.43,96.11,9/14/2023,2437,2442
ACAD,9/7/2023,26.34,28.47,12/13/2023,2437,2505
AMKR,9/7/2023,22.81,25.17,11/14/2023,2437,2485
RTX,9/11/2023,76.9,81.39,10/31/2023,2439,2475
POWI,9/11/2023,78.68,86.89,12/14/2023,2439,2506
SHAK,9/11/2023,63.26,66.83,12/11/2023,2439,2503
ENV,9/11/2023,50.08,54.02,1/29/2024,2439,2535
CBU,9/12/2023,44.13,46.93,12/1/2023,2440,2497
PINC,9/12/2023,22.25,,,2440,
KLIC,9/12/2023,47.44,50.65,11/17/2023,2440,2488
OMC,9/13/2023,77.77,81.81,12/1/2023,2441,2497
BOX,9/13/2023,25.23,26.57,12/1/2023,2441,2497
MPWR,9/13/2023,470.36,502.04,10/11/2023,2441,2461
FTNT,9/13/2023,62.62,66.11,1/24/2024,2441,2532
TECH,9/18/2023,71.17,75.04,12/14/2023,2444,2506
BKU,9/18/2023,23.81,25.16,11/14/2023,2444,2485
MGM,9/18/2023,40.29,43.54,12/11/2023,2444,2503
DIOD,9/19/2023,75.56,80.22,10/2/2023,2445,2454
DAR,9/20/2023,55.43,,,2446,
NOVT,9/20/2023,146.56,153.89,12/8/2023,2446,2502
ASML,9/20/2023,589.88,631.39,11/2/2023,2446,2477
EXR,9/21/2023,122.59,129.55,11/14/2023,2447,2485
HPQ,9/21/2023,26.8,28.28,11/14/2023,2447,2485
IDXX,9/21/2023,438.65,466.64,11/16/2023,2447,2487
TFSL,9/21/2023,11.81,12.42,11/2/2023,2447,2477
LFUS,9/21/2023,246.67,265.06,12/14/2023,2447,2506
ACLS,9/21/2023,154.56,163.05,9/29/2023,2447,2453
CFR,9/21/2023,90.93,96.6,11/3/2023,2447,2478
AXTA,9/21/2023,26.53,28.35,11/1/2023,2447,2476
EFX,9/21/2023,186.08,196.43,11/14/2023,2447,2485
BLDR,9/21/2023,121.02,134.26,11/14/2023,2447,2485
CADE,9/21/2023,20.42,21.95,9/25/2023,2447,2449
AEIS,9/21/2023,100.26,111.18,12/14/2023,2447,2506
CLX,9/22/2023,132.66,139.35,11/21/2023,2448,2490
WPC,9/22/2023,56.4936,61.61,11/28/2023,2448,2494
OLN,9/22/2023,46.64,49.98,9/29/2023,2448,2453
CNHI,9/22/2023,12.29,,,2448,
GGB,9/22/2023,4.89,,,2448,
WAFD,9/22/2023,25.27,26.72,10/10/2023,2448,2460
HI,9/22/2023,42.34,44.57,12/18/2023,2448,2508
HSY,9/25/2023,205.97,,,2449,
NXST,9/25/2023,136.96,145.13,10/16/2023,2449,2464
AMX,9/25/2023,17.09,18.08,11/24/2023,2449,2492
ADC,9/26/2023,55.18,58.16,11/2/2023,2450,2477
O,9/26/2023,50.26,53.09,11/16/2023,2450,2487
ARMK,9/26/2023,25.1336,26.59,10/16/2023,2450,2464
NNN,9/26/2023,35.13,37.96,11/1/2023,2450,2476
BF-A,9/27/2023,57.59,61.2,11/3/2023,2451,2478
BF-B,9/27/2023,56.64,59.55,11/3/2023,2451,2478
BIP,9/27/2023,29.16,30.79,12/14/2023,2451,2506
ES,9/27/2023,58.77,63.09,12/13/2023,2451,2505
LAMR,9/27/2023,81.92,92.17,11/2/2023,2451,2477
NEE,9/27/2023,59.96,,,2451,
TXRH,9/27/2023,93.4,98.5,10/30/2023,2451,2474
WTRG,9/27/2023,34.34,36.26,12/4/2023,2451,2498
ZBH,9/27/2023,110.76,116.31,11/30/2023,2451,2496
HTHT,9/27/2023,38.21,,,2451,
FFBC,9/27/2023,19.19,20.26,10/17/2023,2451,2465
AY,9/27/2023,19.13,20.75,12/13/2023,2451,2505
THRM,9/27/2023,52.68,55.86,10/16/2023,2451,2464
COO,9/27/2023,78.98,83.66,11/3/2023,2451,2478
CPK,9/29/2023,97.75,106.88,12/13/2023,2453,2505
BCE,10/2/2023,36.63,38.58,10/16/2023,2454,2464
SJM,10/2/2023,121.46,129.57,1/2/2024,2454,2517
TU,10/2/2023,15.63,16.51,10/5/2023,2454,2457
ROIC,10/2/2023,12,12.81,11/3/2023,2454,2478
OTTR,10/2/2023,73.88,79.52,11/1/2023,2454,2476
MTD,10/2/2023,1087.33,1171,12/13/2023,2454,2505
CYTK,10/2/2023,27.88,30.6,10/6/2023,2454,2458
CACC,10/2/2023,456.79,499.65,12/13/2023,2454,2505
SXT,10/2/2023,56.57,61.38,11/14/2023,2454,2485
POR,10/2/2023,38.9,41.13,10/9/2023,2454,2459
AWK,10/3/2023,117,124.49,11/2/2023,2455,2477
CUBE,10/3/2023,37.04,39.19,11/15/2023,2455,2486
MKC,10/3/2023,68.4,,,2455,
PWR,10/3/2023,169.37,179.32,10/11/2023,2455,2461
SJW,10/3/2023,57.67,60.84,10/9/2023,2455,2459
SLM,10/3/2023,13.27,14.29,11/2/2023,2455,2477
RF,10/3/2023,16.38,17.57,12/1/2023,2455,2497
ABR,10/3/2023,13.85,14.63,10/11/2023,2455,2461
KIM,10/3/2023,16.69,17.62,10/17/2023,2455,2465
COF,10/3/2023,93.05,98.04,10/17/2023,2455,2465
TAC,10/3/2023,8.12,8.64,10/5/2023,2455,2457
ACLS,10/3/2023,158.56,167.65,10/11/2023,2455,2461
MTH,10/3/2023,115.76,122.05,11/1/2023,2455,2476
SCHW,10/3/2023,51.3,54.93,11/2/2023,2455,2477
OZK,10/3/2023,35.25,37.43,10/10/2023,2455,2460
WOR,10/3/2023,37.4723,40.8878,11/14/2023,2455,2485
SBAC,10/3/2023,189.98,201.6,10/11/2023,2455,2461
VLY,10/3/2023,7.9,8.4,10/10/2023,2455,2460
CADE,10/3/2023,20.27,21.44,10/10/2023,2455,2460
OMF,10/3/2023,37.53,39.42,11/27/2023,2455,2493
KMPR,10/3/2023,40.39,42.48,10/11/2023,2455,2461
AMT,10/3/2023,158.1,166.96,10/13/2023,2455,2463
DHI,10/3/2023,102.85,108.67,10/11/2023,2455,2461
EWBC,10/3/2023,50.09,53.34,10/17/2023,2455,2465
GATX,10/4/2023,105.42,111.3,10/11/2023,2456,2461
CELH,10/4/2023,52.2033,55.6767,10/10/2023,2456,2460
ALNY,10/4/2023,169.17,178.71,10/5/2023,2456,2457
ITCI,10/4/2023,50.91,54.29,10/10/2023,2456,2460
TRN,10/4/2023,21.24,22.58,10/11/2023,2456,2461
EVRG,10/5/2023,48.34,51.04,11/2/2023,2457,2477
LHX,10/5/2023,161.28,180.21,10/9/2023,2457,2459
ROL,10/5/2023,35.86,37.69,11/2/2023,2457,2477
LSCC,10/5/2023,76.38,82.09,10/10/2023,2457,2460
OLN,10/5/2023,46.85,49.45,10/11/2023,2457,2461
BYD,10/5/2023,58.2,62.41,12/14/2023,2457,2506
ALNY,10/9/2023,168.32,177.26,12/7/2023,2459,2501
DOOR,10/9/2023,85.42,91.62,12/1/2023,2459,2497
SUI,10/11/2023,108.9,116.46,11/2/2023,2461,2477
ABT,10/12/2023,90.19,95.56,10/18/2023,2462,2466
HRL,10/12/2023,32.67,35.32,2/29/2024,2462,2557
KNX,10/12/2023,47.8,50.39,10/17/2023,2462,2465
MDT,10/12/2023,71.29,74.88,11/16/2023,2462,2487
ARW,10/12/2023,115.54,124.99,11/14/2023,2462,2485
ISRG,10/12/2023,266.12,282.48,11/13/2023,2462,2484
HCA,10/12/2023,234.97,248.41,11/20/2023,2462,2489
SCI,10/12/2023,53.67,60.79,11/2/2023,2462,2477
ASR,10/12/2023,216.94,233.33,11/6/2023,2462,2479
SUPN,10/12/2023,25.84,27.33,11/13/2023,2462,2484
CELH,10/12/2023,52.92,55.73,10/16/2023,2462,2464
CMC,10/12/2023,43.69,46.18,11/14/2023,2462,2485
GMAB,10/12/2023,32.7,,,2462,
WLY,10/12/2023,30.11,31.68,11/15/2023,2462,2486
RRX,10/13/2023,129.91,148.76,12/14/2023,2463,2506
PAC,10/13/2023,134.31,142.1,11/17/2023,2463,2488
LSCC,10/13/2023,75.08,,,2463,
AL,10/13/2023,35.74,37.66,11/14/2023,2463,2485
TAC,10/13/2023,8.25,,,2463,
TMHC,10/13/2023,40.77,43.73,11/3/2023,2463,2478
ACLS,10/13/2023,160.37,,,2463,
WAFD,10/13/2023,25.2,26.93,11/3/2023,2463,2478
CIGI,10/13/2023,91.42,97.07,11/6/2023,2463,2479
VLY,10/13/2023,8.12,8.54,10/17/2023,2463,2465
CADE,10/13/2023,20.56,21.64,10/17/2023,2463,2465
MTX,10/13/2023,48.71,53.05,10/19/2023,2463,2467
CBRE,10/18/2023,69.8,76.01,11/3/2023,2466,2478
CIG-C,10/18/2023,3.32,3.54,11/3/2023,2466,2478
RYN,10/18/2023,26.3,28.57,11/2/2023,2466,2477
ALLE,10/19/2023,98.56,103.49,11/10/2023,2467,2483
FR,10/19/2023,42.53,44.68,11/15/2023,2467,2486
GATX,10/19/2023,105.62,111,11/15/2023,2467,2486
KNX,10/19/2023,45.88,51.27,10/20/2023,2467,2468
PWR,10/19/2023,168.74,182.85,11/14/2023,2467,2485
QGEN,10/19/2023,37.52,39.55,11/14/2023,2467,2485
SJW,10/19/2023,58.23,61.18,10/30/2023,2467,2474
WERN,10/19/2023,36.51,39.51,11/15/2023,2467,2486
NOK,10/19/2023,3.21,3.46,11/3/2023,2467,2478
NXST,10/19/2023,142.86,150.97,11/2/2023,2467,2477
DIOD,10/19/2023,75.48,80.17,12/21/2023,2467,2511
NLY,10/19/2023,16.34,17.18,11/3/2023,2467,2478
ABR,10/19/2023,13.94,14.88,12/13/2023,2467,2505
CNS,10/19/2023,53,56.69,11/3/2023,2467,2478
SMCI,10/19/2023,265.05,293.87,11/14/2023,2467,2485
COF,10/19/2023,92.7,97.74,10/27/2023,2467,2473
GLW,10/19/2023,27.43,28.95,11/15/2023,2467,2486
TEX,10/19/2023,47.91,51.36,11/14/2023,2467,2485
THRM,10/19/2023,52.51,59.18,2/21/2024,2467,2551
OZK,10/19/2023,35.4,38.6,11/2/2023,2467,2477
TSLA,10/19/2023,220.11,237.41,11/14/2023,2467,2485
VLY,10/19/2023,8.09,8.57,11/3/2023,2467,2478
MPWR,10/19/2023,433.75,456.56,11/1/2023,2467,2476
MS,10/19/2023,72.92,78.31,11/14/2023,2467,2485
EXPE,10/19/2023,95.66,112.71,11/3/2023,2467,2478
ITGR,10/19/2023,72.61,80.24,10/26/2023,2467,2472
DHI,10/19/2023,101.24,109.3,11/1/2023,2467,2476
LAZ,10/19/2023,28.72,30.23,12/1/2023,2467,2497
AGNC,10/19/2023,8.26,8.68,11/16/2023,2467,2487
UCBI,10/19/2023,23.68,25.14,11/15/2023,2467,2486
IQV,10/20/2023,184.36,197.2,11/3/2023,2468,2478
TTC,10/20/2023,82.22,86.52,11/14/2023,2468,2485
TXN,10/20/2023,147.81,155.54,11/20/2023,2468,2489
H,10/20/2023,100.43,106.72,11/7/2023,2468,2480
NTRS,10/20/2023,64.28,70.1,11/2/2023,2468,2477
KIM,10/20/2023,16.7,17.94,10/31/2023,2468,2475
CELH,10/20/2023,54.0067,56.9767,10/24/2023,2468,2470
OLN,10/20/2023,46.18,50.19,12/4/2023,2468,2498
HBAN,10/20/2023,9.64,10.34,11/2/2023,2468,2477
SFBS,10/20/2023,46.47,49.01,11/2/2023,2468,2477
CADE,10/20/2023,19.9,21.31,10/26/2023,2468,2472
ZION,10/20/2023,29.96,33.23,11/2/2023,2468,2477
ABCB,10/20/2023,36.19,38.13,11/1/2023,2468,2476
BMI,10/23/2023,135.61,142.4,11/2/2023,2469,2477
MSA,10/23/2023,147.97,159.18,10/25/2023,2469,2471
UPS,10/23/2023,148.16,155.92,12/4/2023,2469,2498
VTRS,10/23/2023,8.92,9.45,11/17/2023,2469,2488
MTB,10/23/2023,111.52,118.45,11/2/2023,2469,2477
MSGS,10/23/2023,169.9,179.2,12/19/2023,2469,2509
MCHP,10/23/2023,74.39,81.28,11/14/2023,2469,2485
EMN,10/23/2023,69.73,75.19,10/30/2023,2469,2474
KMPR,10/23/2023,40.84,42.89,11/27/2023,2469,2493
WBS,10/23/2023,37.81,41.3,11/3/2023,2469,2478
TRN,10/23/2023,21.3,22.75,11/2/2023,2469,2477
ADM,10/24/2023,69.47,73.04,11/13/2023,2470,2484
OGS,10/24/2023,64.4,,,2470,
TMO,10/24/2023,458.26,482.39,11/21/2023,2470,2490
PFG,10/24/2023,67.06,70.53,11/2/2023,2470,2477
BANF,10/24/2023,81.15,85.67,11/3/2023,2470,2478
FFBC,10/24/2023,18.58,19.65,11/2/2023,2470,2477
LOW,10/24/2023,186.24,202.24,11/14/2023,2470,2485
TFII,10/24/2023,106.76,112.57,11/2/2023,2470,2477
BC,10/24/2023,69.49,74.77,11/3/2023,2470,2478
RGEN,10/24/2023,139.78,150.36,11/3/2023,2470,2478
MAS,10/24/2023,49.14,51.83,10/30/2023,2470,2474
TECK,10/24/2023,35.3,37.23,11/3/2023,2470,2478
NSC,10/25/2023,185.79,195.28,11/6/2023,2471,2479
RY,10/25/2023,79.11,83.56,11/2/2023,2471,2477
WMS,10/25/2023,104.97,112.66,11/3/2023,2471,2478
PCTY,10/25/2023,177.59,,,2471,
CELH,10/26/2023,53.46,58.1833,11/3/2023,2472,2478
ITCI,10/26/2023,48.04,50.87,11/1/2023,2472,2476
ORCL,10/26/2023,100.4,105.75,11/1/2023,2472,2476
AMD,10/26/2023,93.67,98.5,10/31/2023,2472,2475
KNX,10/27/2023,47.92,50.88,11/3/2023,2473,2478
LSTR,10/27/2023,162.63,171.51,11/14/2023,2473,2485
MAA,10/27/2023,117.57,124.26,11/3/2023,2473,2478
GPN,10/27/2023,102.78,109.02,11/1/2023,2473,2476
UDR,10/27/2023,31.56,33.27,11/3/2023,2473,2478
JBHT,10/27/2023,165.98,175.69,11/3/2023,2473,2478
HUBG,10/27/2023,35.04,37.65,11/14/2023,2473,2485
GTLS,10/27/2023,110.12,121.33,10/30/2023,2473,2474
A,10/30/2023,101.17,109.02,11/3/2023,2474,2478
ADI,10/30/2023,155.88,164.34,11/2/2023,2474,2477
DHR,10/30/2023,185.1,197.87,11/3/2023,2474,2478
PSEC,10/30/2023,5.08,5.51,11/3/2023,2474,2478
EVTC,10/30/2023,32.17,33.78,11/3/2023,2474,2478
EXPO,11/1/2023,70.74,75,11/3/2023,2476,2478
SKY,11/1/2023,55.68,59.49,11/3/2023,2476,2478
GTLS,11/1/2023,114.84,122.33,11/2/2023,2476,2477
HSIC,11/2/2023,61.89,67.5,11/13/2023,2477,2484
UDR,11/7/2023,32.12,34.4,12/1/2023,2480,2497
GKOS,11/7/2023,62.3,66.01,11/14/2023,2480,2485
GTLS,11/7/2023,116.95,124.55,11/14/2023,2480,2485
ASR,11/8/2023,225.72,239.88,12/6/2023,2481,2500
TECK,11/8/2023,34.48,36.45,11/13/2023,2481,2484
EXPO,11/9/2023,72.13,78.46,11/14/2023,2482,2485
AZPN,11/9/2023,163.41,176.7,11/14/2023,2482,2485
TRMB,11/9/2023,41.23,43.37,11/15/2023,2482,2486
TFII,11/9/2023,109.62,116.32,11/14/2023,2482,2485
VLY,11/9/2023,7.85,8.66,11/14/2023,2482,2485
SKY,11/9/2023,54.12,62.28,11/14/2023,2482,2485
SFBS,11/9/2023,47.3,51.56,11/14/2023,2482,2485
AB,11/13/2023,26.08,27.39,11/14/2023,2484,2485
CNS,11/13/2023,52.13,56.79,11/14/2023,2484,2485
CELH,11/13/2023,54.14,59.03,1/2/2024,2484,2517
AX,11/13/2023,33.36,38.84,11/14/2023,2484,2485
CMC,11/16/2023,44.81,47.28,12/13/2023,2487,2505
TEX,11/16/2023,49.98,52.73,12/13/2023,2487,2505
SKY,11/16/2023,58.5,62.53,12/1/2023,2487,2497
WLY,11/21/2023,30.15,32.15,12/13/2023,2490,2505
CIG-C,11/24/2023,3.3,,,2492,
TTC,11/28/2023,82.28,88.24,12/14/2023,2494,2506
GTLS,11/28/2023,125.4,134.84,12/1/2023,2494,2497
NOK,12/5/2023,3,3.18,12/8/2023,2499,2502
GTLS,12/5/2023,125.83,132.21,12/19/2023,2499,2509
HES,12/7/2023,132.23,143.1,12/14/2023,2501,2506
PAC,12/11/2023,145.05,171.81,12/14/2023,2503,2506
CIG,12/11/2023,2.16,2.27,12/13/2023,2503,2505
GKOS,12/12/2023,62.42,75.74,12/14/2023,2504,2506
DKL,12/28/2023,41.98,44.15,1/2/2024,2515,2517
GTLS,1/3/2024,131.62,147.68,2/28/2024,2518,2556
NTES,1/5/2024,91.19,98.04,1/23/2024,2520,2531
CYTK,1/11/2024,84.95,,,2524,
MSTR,1/11/2024,536.18,587.81,2/8/2024,2524,2543
ABM,1/16/2024,41.36,,,2526,
MUR,1/16/2024,38.16,40.45,3/1/2024,2526,2558
HUM,1/19/2024,401.53,,,2529,
ADM,1/22/2024,51.69,54.94,1/29/2024,2530,2535
TSLA,1/25/2024,182.63,193.57,2/9/2024,2533,2544
COLB,2/1/2024,19.31,,,2538,
ADM,2/5/2024,52.96,,,2540,
ABR,2/5/2024,12.74,13.99,2/16/2024,2540,2549
PNM,2/5/2024,34.74,36.96,2/7/2024,2540,2542
BKU,2/5/2024,25.96,27.43,2/12/2024,2540,2545
ACAD,2/5/2024,25.1,26.36,2/9/2024,2540,2544
VLY,2/6/2024,8.17,8.9,2/12/2024,2541,2545
HDB,2/8/2024,53.62,,,2543,
TSLA,2/13/2024,184.02,200.45,2/15/2024,2546,2548
HAE,2/14/2024,71.24,74.9,2/22/2024,2547,2552
LEG,2/14/2024,19.82,,,2547,
ACAD,2/16/2024,25.11,,,2549,
TSLA,2/20/2024,193.76,,,2550,
VLY,2/20/2024,8.33,,,2550,
PANW,2/21/2024,261.97,282.09,2/23/2024,2551,2553
ABR,2/22/2024,12.84,,,2552,
AGI,2/22/2024,11.45,12.31,3/1/2024,2552,2558
BKU,2/26/2024,26.36,,,2554,
AES,2/27/2024,15.1,,,2555,
SBAC,2/27/2024,199.95,,,2555,
SJW,2/28/2024,55.21,,,2556,
ALNY,2/29/2024,151.09,,,2557,
XEL,3/1/2024,49.57,,,2558,
IART,3/1/2024,35.99,,,2558,