date,nr
2014-01-02,1
2014-01-03,2
2014-01-06,3
2014-01-07,4
2014-01-08,5
2014-01-09,6
2014-01-10,7
2014-01-13,8
2014-01-14,9
2014-01-15,10
2014-01-16,11
2014-01-17,12
2014-01-21,13
2014-01-22,14
2014-01-23,15
2014-01-24,16
2014-01-27,17
2014-01-28,18
2014-01-29,19
2014-01-30,20
2014-01-31,21
2014-02-03,22
2014-02-04,23
2014-02-05,24
2014-02-06,25
2014-02-07,26
2014-02-10,27
2014-02-11,28
2014-02-12,29
2014-02-13,30
2014-02-14,31
2014-02-18,32
2014-02-19,33
2014-02-20,34
2014-02-21,35
2014-02-24,36
2014-02-25,37
2014-02-26,38
2014-02-27,39
2014-02-28,40
2014-03-03,41
2014-03-04,42
2014-03-05,43
2014-03-06,44
2014-03-07,45
2014-03-10,46
2014-03-11,47
2014-03-12,48
2014-03-13,49
2014-03-14,50
2014-03-17,51
2014-03-18,52
2014-03-19,53
2014-03-20,54
2014-03-21,55
2014-03-24,56
2014-03-25,57
2014-03-26,58
2014-03-27,59
2014-03-28,60
2014-03-31,61
2014-04-01,62
2014-04-02,63
2014-04-03,64
2014-04-04,65
2014-04-07,66
2014-04-08,67
2014-04-09,68
2014-04-10,69
2014-04-11,70
2014-04-14,71
2014-04-15,72
2014-04-16,73
2014-04-17,74
2014-04-21,75
2014-04-22,76
2014-04-23,77
2014-04-24,78
2014-04-25,79
2014-04-28,80
2014-04-29,81
2014-04-30,82
2014-05-01,83
2014-05-02,84
2014-05-05,85
2014-05-06,86
2014-05-07,87
2014-05-08,88
2014-05-09,89
2014-05-12,90
2014-05-13,91
2014-05-14,92
2014-05-15,93
2014-05-16,94
2014-05-19,95
2014-05-20,96
2014-05-21,97
2014-05-22,98
2014-05-23,99
2014-05-27,100
2014-05-28,101
2014-05-29,102
2014-05-30,103
2014-06-02,104
2014-06-03,105
2014-06-04,106
2014-06-05,107
2014-06-06,108
2014-06-09,109
2014-06-10,110
2014-06-11,111
2014-06-12,112
2014-06-13,113
2014-06-16,114
2014-06-17,115
2014-06-18,116
2014-06-19,117
2014-06-20,118
2014-06-23,119
2014-06-24,120
2014-06-25,121
2014-06-26,122
2014-06-27,123
2014-06-30,124
2014-07-01,125
2014-07-02,126
2014-07-03,127
2014-07-07,128
2014-07-08,129
2014-07-09,130
2014-07-10,131
2014-07-11,132
2014-07-14,133
2014-07-15,134
2014-07-16,135
2014-07-17,136
2014-07-18,137
2014-07-21,138
2014-07-22,139
2014-07-23,140
2014-07-24,141
2014-07-25,142
2014-07-28,143
2014-07-29,144
2014-07-30,145
2014-07-31,146
2014-08-01,147
2014-08-04,148
2014-08-05,149
2014-08-06,150
2014-08-07,151
2014-08-08,152
2014-08-11,153
2014-08-12,154
2014-08-13,155
2014-08-14,156
2014-08-15,157
2014-08-18,158
2014-08-19,159
2014-08-20,160
2014-08-21,161
2014-08-22,162
2014-08-25,163
2014-08-26,164
2014-08-27,165
2014-08-28,166
2014-08-29,167
2014-09-02,168
2014-09-03,169
2014-09-04,170
2014-09-05,171
2014-09-08,172
2014-09-09,173
2014-09-10,174
2014-09-11,175
2014-09-12,176
2014-09-15,177
2014-09-16,178
2014-09-17,179
2014-09-18,180
2014-09-19,181
2014-09-22,182
2014-09-23,183
2014-09-24,184
2014-09-25,185
2014-09-26,186
2014-09-29,187
2014-09-30,188
2014-10-01,189
2014-10-02,190
2014-10-03,191
2014-10-06,192
2014-10-07,193
2014-10-08,194
2014-10-09,195
2014-10-10,196
2014-10-13,197
2014-10-14,198
2014-10-15,199
2014-10-16,200
2014-10-17,201
2014-10-20,202
2014-10-21,203
2014-10-22,204
2014-10-23,205
2014-10-24,206
2014-10-27,207
2014-10-28,208
2014-10-29,209
2014-10-30,210
2014-10-31,211
2014-11-03,212
2014-11-04,213
2014-11-05,214
2014-11-06,215
2014-11-07,216
2014-11-10,217
2014-11-11,218
2014-11-12,219
2014-11-13,220
2014-11-14,221
2014-11-17,222
2014-11-18,223
2014-11-19,224
2014-11-20,225
2014-11-21,226
2014-11-24,227
2014-11-25,228
2014-11-26,229
2014-11-28,230
2014-12-01,231
2014-12-02,232
2014-12-03,233
2014-12-04,234
2014-12-05,235
2014-12-08,236
2014-12-09,237
2014-12-10,238
2014-12-11,239
2014-12-12,240
2014-12-15,241
2014-12-16,242
2014-12-17,243
2014-12-18,244
2014-12-19,245
2014-12-22,246
2014-12-23,247
2014-12-24,248
2014-12-26,249
2014-12-29,250
2014-12-30,251
2014-12-31,252
2015-01-02,253
2015-01-05,254
2015-01-06,255
2015-01-07,256
2015-01-08,257
2015-01-09,258
2015-01-12,259
2015-01-13,260
2015-01-14,261
2015-01-15,262
2015-01-16,263
2015-01-20,264
2015-01-21,265
2015-01-22,266
2015-01-23,267
2015-01-26,268
2015-01-27,269
2015-01-28,270
2015-01-29,271
2015-01-30,272
2015-02-02,273
2015-02-03,274
2015-02-04,275
2015-02-05,276
2015-02-06,277
2015-02-09,278
2015-02-10,279
2015-02-11,280
2015-02-12,281
2015-02-13,282
2015-02-17,283
2015-02-18,284
2015-02-19,285
2015-02-20,286
2015-02-23,287
2015-02-24,288
2015-02-25,289
2015-02-26,290
2015-02-27,291
2015-03-02,292
2015-03-03,293
2015-03-04,294
2015-03-05,295
2015-03-06,296
2015-03-09,297
2015-03-10,298
2015-03-11,299
2015-03-12,300
2015-03-13,301
2015-03-16,302
2015-03-17,303
2015-03-18,304
2015-03-19,305
2015-03-20,306
2015-03-23,307
2015-03-24,308
2015-03-25,309
2015-03-26,310
2015-03-27,311
2015-03-30,312
2015-03-31,313
2015-04-01,314
2015-04-02,315
2015-04-06,316
2015-04-07,317
2015-04-08,318
2015-04-09,319
2015-04-10,320
2015-04-13,321
2015-04-14,322
2015-04-15,323
2015-04-16,324
2015-04-17,325
2015-04-20,326
2015-04-21,327
2015-04-22,328
2015-04-23,329
2015-04-24,330
2015-04-27,331
2015-04-28,332
2015-04-29,333
2015-04-30,334
2015-05-01,335
2015-05-04,336
2015-05-05,337
2015-05-06,338
2015-05-07,339
2015-05-08,340
2015-05-11,341
2015-05-12,342
2015-05-13,343
2015-05-14,344
2015-05-15,345
2015-05-18,346
2015-05-19,347
2015-05-20,348
2015-05-21,349
2015-05-22,350
2015-05-26,351
2015-05-27,352
2015-05-28,353
2015-05-29,354
2015-06-01,355
2015-06-02,356
2015-06-03,357
2015-06-04,358
2015-06-05,359
2015-06-08,360
2015-06-09,361
2015-06-10,362
2015-06-11,363
2015-06-12,364
2015-06-15,365
2015-06-16,366
2015-06-17,367
2015-06-18,368
2015-06-19,369
2015-06-22,370
2015-06-23,371
2015-06-24,372
2015-06-25,373
2015-06-26,374
2015-06-29,375
2015-06-30,376
2015-07-01,377
2015-07-02,378
2015-07-06,379
2015-07-07,380
2015-07-08,381
2015-07-09,382
2015-07-10,383
2015-07-13,384
2015-07-14,385
2015-07-15,386
2015-07-16,387
2015-07-17,388
2015-07-20,389
2015-07-21,390
2015-07-22,391
2015-07-23,392
2015-07-24,393
2015-07-27,394
2015-07-28,395
2015-07-29,396
2015-07-30,397
2015-07-31,398
2015-08-03,399
2015-08-04,400
2015-08-05,401
2015-08-06,402
2015-08-07,403
2015-08-10,404
2015-08-11,405
2015-08-12,406
2015-08-13,407
2015-08-14,408
2015-08-17,409
2015-08-18,410
2015-08-19,411
2015-08-20,412
2015-08-21,413
2015-08-24,414
2015-08-25,415
2015-08-26,416
2015-08-27,417
2015-08-28,418
2015-08-31,419
2015-09-01,420
2015-09-02,421
2015-09-03,422
2015-09-04,423
2015-09-08,424
2015-09-09,425
2015-09-10,426
2015-09-11,427
2015-09-14,428
2015-09-15,429
2015-09-16,430
2015-09-17,431
2015-09-18,432
2015-09-21,433
2015-09-22,434
2015-09-23,435
2015-09-24,436
2015-09-25,437
2015-09-28,438
2015-09-29,439
2015-09-30,440
2015-10-01,441
2015-10-02,442
2015-10-05,443
2015-10-06,444
2015-10-07,445
2015-10-08,446
2015-10-09,447
2015-10-12,448
2015-10-13,449
2015-10-14,450
2015-10-15,451
2015-10-16,452
2015-10-19,453
2015-10-20,454
2015-10-21,455
2015-10-22,456
2015-10-23,457
2015-10-26,458
2015-10-27,459
2015-10-28,460
2015-10-29,461
2015-10-30,462
2015-11-02,463
2015-11-03,464
2015-11-04,465
2015-11-05,466
2015-11-06,467
2015-11-09,468
2015-11-10,469
2015-11-11,470
2015-11-12,471
2015-11-13,472
2015-11-16,473
2015-11-17,474
2015-11-18,475
2015-11-19,476
2015-11-20,477
2015-11-23,478
2015-11-24,479
2015-11-25,480
2015-11-27,481
2015-11-30,482
2015-12-01,483
2015-12-02,484
2015-12-03,485
2015-12-04,486
2015-12-07,487
2015-12-08,488
2015-12-09,489
2015-12-10,490
2015-12-11,491
2015-12-14,492
2015-12-15,493
2015-12-16,494
2015-12-17,495
2015-12-18,496
2015-12-21,497
2015-12-22,498
2015-12-23,499
2015-12-24,500
2015-12-28,501
2015-12-29,502
2015-12-30,503
2015-12-31,504
2016-01-04,505
2016-01-05,506
2016-01-06,507
2016-01-07,508
2016-01-08,509
2016-01-11,510
2016-01-12,511
2016-01-13,512
2016-01-14,513
2016-01-15,514
2016-01-19,515
2016-01-20,516
2016-01-21,517
2016-01-22,518
2016-01-25,519
2016-01-26,520
2016-01-27,521
2016-01-28,522
2016-01-29,523
2016-02-01,524
2016-02-02,525
2016-02-03,526
2016-02-04,527
2016-02-05,528
2016-02-08,529
2016-02-09,530
2016-02-10,531
2016-02-11,532
2016-02-12,533
2016-02-16,534
2016-02-17,535
2016-02-18,536
2016-02-19,537
2016-02-22,538
2016-02-23,539
2016-02-24,540
2016-02-25,541
2016-02-26,542
2016-02-29,543
2016-03-01,544
2016-03-02,545
2016-03-03,546
2016-03-04,547
2016-03-07,548
2016-03-08,549
2016-03-09,550
2016-03-10,551
2016-03-11,552
2016-03-14,553
2016-03-15,554
2016-03-16,555
2016-03-17,556
2016-03-18,557
2016-03-21,558
2016-03-22,559
2016-03-23,560
2016-03-24,561
2016-03-28,562
2016-03-29,563
2016-03-30,564
2016-03-31,565
2016-04-01,566
2016-04-04,567
2016-04-05,568
2016-04-06,569
2016-04-07,570
2016-04-08,571
2016-04-11,572
2016-04-12,573
2016-04-13,574
2016-04-14,575
2016-04-15,576
2016-04-18,577
2016-04-19,578
2016-04-20,579
2016-04-21,580
2016-04-22,581
2016-04-25,582
2016-04-26,583
2016-04-27,584
2016-04-28,585
2016-04-29,586
2016-05-02,587
2016-05-03,588
2016-05-04,589
2016-05-05,590
2016-05-06,591
2016-05-09,592
2016-05-10,593
2016-05-11,594
2016-05-12,595
2016-05-13,596
2016-05-16,597
2016-05-17,598
2016-05-18,599
2016-05-19,600
2016-05-20,601
2016-05-23,602
2016-05-24,603
2016-05-25,604
2016-05-26,605
2016-05-27,606
2016-05-31,607
2016-06-01,608
2016-06-02,609
2016-06-03,610
2016-06-06,611
2016-06-07,612
2016-06-08,613
2016-06-09,614
2016-06-10,615
2016-06-13,616
2016-06-14,617
2016-06-15,618
2016-06-16,619
2016-06-17,620
2016-06-20,621
2016-06-21,622
2016-06-22,623
2016-06-23,624
2016-06-24,625
2016-06-27,626
2016-06-28,627
2016-06-29,628
2016-06-30,629
2016-07-01,630
2016-07-05,631
2016-07-06,632
2016-07-07,633
2016-07-08,634
2016-07-11,635
2016-07-12,636
2016-07-13,637
2016-07-14,638
2016-07-15,639
2016-07-18,640
2016-07-19,641
2016-07-20,642
2016-07-21,643
2016-07-22,644
2016-07-25,645
2016-07-26,646
2016-07-27,647
2016-07-28,648
2016-07-29,649
2016-08-01,650
2016-08-02,651
2016-08-03,652
2016-08-04,653
2016-08-05,654
2016-08-08,655
2016-08-09,656
2016-08-10,657
2016-08-11,658
2016-08-12,659
2016-08-15,660
2016-08-16,661
2016-08-17,662
2016-08-18,663
2016-08-19,664
2016-08-22,665
2016-08-23,666
2016-08-24,667
2016-08-25,668
2016-08-26,669
2016-08-29,670
2016-08-30,671
2016-08-31,672
2016-09-01,673
2016-09-02,674
2016-09-06,675
2016-09-07,676
2016-09-08,677
2016-09-09,678
2016-09-12,679
2016-09-13,680
2016-09-14,681
2016-09-15,682
2016-09-16,683
2016-09-19,684
2016-09-20,685
2016-09-21,686
2016-09-22,687
2016-09-23,688
2016-09-26,689
2016-09-27,690
2016-09-28,691
2016-09-29,692
2016-09-30,693
2016-10-03,694
2016-10-04,695
2016-10-05,696
2016-10-06,697
2016-10-07,698
2016-10-10,699
2016-10-11,700
2016-10-12,701
2016-10-13,702
2016-10-14,703
2016-10-17,704
2016-10-18,705
2016-10-19,706
2016-10-20,707
2016-10-21,708
2016-10-24,709
2016-10-25,710
2016-10-26,711
2016-10-27,712
2016-10-28,713
2016-10-31,714
2016-11-01,715
2016-11-02,716
2016-11-03,717
2016-11-04,718
2016-11-07,719
2016-11-08,720
2016-11-09,721
2016-11-10,722
2016-11-11,723
2016-11-14,724
2016-11-15,725
2016-11-16,726
2016-11-17,727
2016-11-18,728
2016-11-21,729
2016-11-22,730
2016-11-23,731
2016-11-25,732
2016-11-28,733
2016-11-29,734
2016-11-30,735
2016-12-01,736
2016-12-02,737
2016-12-05,738
2016-12-06,739
2016-12-07,740
2016-12-08,741
2016-12-09,742
2016-12-12,743
2016-12-13,744
2016-12-14,745
2016-12-15,746
2016-12-16,747
2016-12-19,748
2016-12-20,749
2016-12-21,750
2016-12-22,751
2016-12-23,752
2016-12-27,753
2016-12-28,754
2016-12-29,755
2016-12-30,756
2017-01-03,757
2017-01-04,758
2017-01-05,759
2017-01-06,760
2017-01-09,761
2017-01-10,762
2017-01-11,763
2017-01-12,764
2017-01-13,765
2017-01-17,766
2017-01-18,767
2017-01-19,768
2017-01-20,769
2017-01-23,770
2017-01-24,771
2017-01-25,772
2017-01-26,773
2017-01-27,774
2017-01-30,775
2017-01-31,776
2017-02-01,777
2017-02-02,778
2017-02-03,779
2017-02-06,780
2017-02-07,781
2017-02-08,782
2017-02-09,783
2017-02-10,784
2017-02-13,785
2017-02-14,786
2017-02-15,787
2017-02-16,788
2017-02-17,789
2017-02-21,790
2017-02-22,791
2017-02-23,792
2017-02-24,793
2017-02-27,794
2017-02-28,795
2017-03-01,796
2017-03-02,797
2017-03-03,798
2017-03-06,799
2017-03-07,800
2017-03-08,801
2017-03-09,802
2017-03-10,803
2017-03-13,804
2017-03-14,805
2017-03-15,806
2017-03-16,807
2017-03-17,808
2017-03-20,809
2017-03-21,810
2017-03-22,811
2017-03-23,812
2017-03-24,813
2017-03-27,814
2017-03-28,815
2017-03-29,816
2017-03-30,817
2017-03-31,818
2017-04-03,819
2017-04-04,820
2017-04-05,821
2017-04-06,822
2017-04-07,823
2017-04-10,824
2017-04-11,825
2017-04-12,826
2017-04-13,827
2017-04-17,828
2017-04-18,829
2017-04-19,830
2017-04-20,831
2017-04-21,832
2017-04-24,833
2017-04-25,834
2017-04-26,835
2017-04-27,836
2017-04-28,837
2017-05-01,838
2017-05-02,839
2017-05-03,840
2017-05-04,841
2017-05-05,842
2017-05-08,843
2017-05-09,844
2017-05-10,845
2017-05-11,846
2017-05-12,847
2017-05-15,848
2017-05-16,849
2017-05-17,850
2017-05-18,851
2017-05-19,852
2017-05-22,853
2017-05-23,854
2017-05-24,855
2017-05-25,856
2017-05-26,857
2017-05-30,858
2017-05-31,859
2017-06-01,860
2017-06-02,861
2017-06-05,862
2017-06-06,863
2017-06-07,864
2017-06-08,865
2017-06-09,866
2017-06-12,867
2017-06-13,868
2017-06-14,869
2017-06-15,870
2017-06-16,871
2017-06-19,872
2017-06-20,873
2017-06-21,874
2017-06-22,875
2017-06-23,876
2017-06-26,877
2017-06-27,878
2017-06-28,879
2017-06-29,880
2017-06-30,881
2017-07-03,882
2017-07-05,883
2017-07-06,884
2017-07-07,885
2017-07-10,886
2017-07-11,887
2017-07-12,888
2017-07-13,889
2017-07-14,890
2017-07-17,891
2017-07-18,892
2017-07-19,893
2017-07-20,894
2017-07-21,895
2017-07-24,896
2017-07-25,897
2017-07-26,898
2017-07-27,899
2017-07-28,900
2017-07-31,901
2017-08-01,902
2017-08-02,903
2017-08-03,904
2017-08-04,905
2017-08-07,906
2017-08-08,907
2017-08-09,908
2017-08-10,909
2017-08-11,910
2017-08-14,911
2017-08-15,912
2017-08-16,913
2017-08-17,914
2017-08-18,915
2017-08-21,916
2017-08-22,917
2017-08-23,918
2017-08-24,919
2017-08-25,920
2017-08-28,921
2017-08-29,922
2017-08-30,923
2017-08-31,924
2017-09-01,925
2017-09-05,926
2017-09-06,927
2017-09-07,928
2017-09-08,929
2017-09-11,930
2017-09-12,931
2017-09-13,932
2017-09-14,933
2017-09-15,934
2017-09-18,935
2017-09-19,936
2017-09-20,937
2017-09-21,938
2017-09-22,939
2017-09-25,940
2017-09-26,941
2017-09-27,942
2017-09-28,943
2017-09-29,944
2017-10-02,945
2017-10-03,946
2017-10-04,947
2017-10-05,948
2017-10-06,949
2017-10-09,950
2017-10-10,951
2017-10-11,952
2017-10-12,953
2017-10-13,954
2017-10-16,955
2017-10-17,956
2017-10-18,957
2017-10-19,958
2017-10-20,959
2017-10-23,960
2017-10-24,961
2017-10-25,962
2017-10-26,963
2017-10-27,964
2017-10-30,965
2017-10-31,966
2017-11-01,967
2017-11-02,968
2017-11-03,969
2017-11-06,970
2017-11-07,971
2017-11-08,972
2017-11-09,973
2017-11-10,974
2017-11-13,975
2017-11-14,976
2017-11-15,977
2017-11-16,978
2017-11-17,979
2017-11-20,980
2017-11-21,981
2017-11-22,982
2017-11-24,983
2017-11-27,984
2017-11-28,985
2017-11-29,986
2017-11-30,987
2017-12-01,988
2017-12-04,989
2017-12-05,990
2017-12-06,991
2017-12-07,992
2017-12-08,993
2017-12-11,994
2017-12-12,995
2017-12-13,996
2017-12-14,997
2017-12-15,998
2017-12-18,999
2017-12-19,1000
2017-12-20,1001
2017-12-21,1002
2017-12-22,1003
2017-12-26,1004
2017-12-27,1005
2017-12-28,1006
2017-12-29,1007
2018-01-02,1008
2018-01-03,1009
2018-01-04,1010
2018-01-05,1011
2018-01-08,1012
2018-01-09,1013
2018-01-10,1014
2018-01-11,1015
2018-01-12,1016
2018-01-16,1017
2018-01-17,1018
2018-01-18,1019
2018-01-19,1020
2018-01-22,1021
2018-01-23,1022
2018-01-24,1023
2018-01-25,1024
2018-01-26,1025
2018-01-29,1026
2018-01-30,1027
2018-01-31,1028
2018-02-01,1029
2018-02-02,1030
2018-02-05,1031
2018-02-06,1032
2018-02-07,1033
2018-02-08,1034
2018-02-09,1035
2018-02-12,1036
2018-02-13,1037
2018-02-14,1038
2018-02-15,1039
2018-02-16,1040
2018-02-20,1041
2018-02-21,1042
2018-02-22,1043
2018-02-23,1044
2018-02-26,1045
2018-02-27,1046
2018-02-28,1047
2018-03-01,1048
2018-03-02,1049
2018-03-05,1050
2018-03-06,1051
2018-03-07,1052
2018-03-08,1053
2018-03-09,1054
2018-03-12,1055
2018-03-13,1056
2018-03-14,1057
2018-03-15,1058
2018-03-16,1059
2018-03-19,1060
2018-03-20,1061
2018-03-21,1062
2018-03-22,1063
2018-03-23,1064
2018-03-26,1065
2018-03-27,1066
2018-03-28,1067
2018-03-29,1068
2018-04-02,1069
2018-04-03,1070
2018-04-04,1071
2018-04-05,1072
2018-04-06,1073
2018-04-09,1074
2018-04-10,1075
2018-04-11,1076
2018-04-12,1077
2018-04-13,1078
2018-04-16,1079
2018-04-17,1080
2018-04-18,1081
2018-04-19,1082
2018-04-20,1083
2018-04-23,1084
2018-04-24,1085
2018-04-25,1086
2018-04-26,1087
2018-04-27,1088
2018-04-30,1089
2018-05-01,1090
2018-05-02,1091
2018-05-03,1092
2018-05-04,1093
2018-05-07,1094
2018-05-08,1095
2018-05-09,1096
2018-05-10,1097
2018-05-11,1098
2018-05-14,1099
2018-05-15,1100
2018-05-16,1101
2018-05-17,1102
2018-05-18,1103
2018-05-21,1104
2018-05-22,1105
2018-05-23,1106
2018-05-24,1107
2018-05-25,1108
2018-05-29,1109
2018-05-30,1110
2018-05-31,1111
2018-06-01,1112
2018-06-04,1113
2018-06-05,1114
2018-06-06,1115
2018-06-07,1116
2018-06-08,1117
2018-06-11,1118
2018-06-12,1119
2018-06-13,1120
2018-06-14,1121
2018-06-15,1122
2018-06-18,1123
2018-06-19,1124
2018-06-20,1125
2018-06-21,1126
2018-06-22,1127
2018-06-25,1128
2018-06-26,1129
2018-06-27,1130
2018-06-28,1131
2018-06-29,1132
2018-07-02,1133
2018-07-03,1134
2018-07-05,1135
2018-07-06,1136
2018-07-09,1137
2018-07-10,1138
2018-07-11,1139
2018-07-12,1140
2018-07-13,1141
2018-07-16,1142
2018-07-17,1143
2018-07-18,1144
2018-07-19,1145
2018-07-20,1146
2018-07-23,1147
2018-07-24,1148
2018-07-25,1149
2018-07-26,1150
2018-07-27,1151
2018-07-30,1152
2018-07-31,1153
2018-08-01,1154
2018-08-02,1155
2018-08-03,1156
2018-08-06,1157
2018-08-07,1158
2018-08-08,1159
2018-08-09,1160
2018-08-10,1161
2018-08-13,1162
2018-08-14,1163
2018-08-15,1164
2018-08-16,1165
2018-08-17,1166
2018-08-20,1167
2018-08-21,1168
2018-08-22,1169
2018-08-23,1170
2018-08-24,1171
2018-08-27,1172
2018-08-28,1173
2018-08-29,1174
2018-08-30,1175
2018-08-31,1176
2018-09-04,1177
2018-09-05,1178
2018-09-06,1179
2018-09-07,1180
2018-09-10,1181
2018-09-11,1182
2018-09-12,1183
2018-09-13,1184
2018-09-14,1185
2018-09-17,1186
2018-09-18,1187
2018-09-19,1188
2018-09-20,1189
2018-09-21,1190
2018-09-24,1191
2018-09-25,1192
2018-09-26,1193
2018-09-27,1194
2018-09-28,1195
2018-10-01,1196
2018-10-02,1197
2018-10-03,1198
2018-10-04,1199
2018-10-05,1200
2018-10-08,1201
2018-10-09,1202
2018-10-10,1203
2018-10-11,1204
2018-10-12,1205
2018-10-15,1206
2018-10-16,1207
2018-10-17,1208
2018-10-18,1209
2018-10-19,1210
2018-10-22,1211
2018-10-23,1212
2018-10-24,1213
2018-10-25,1214
2018-10-26,1215
2018-10-29,1216
2018-10-30,1217
2018-10-31,1218
2018-11-01,1219
2018-11-02,1220
2018-11-05,1221
2018-11-06,1222
2018-11-07,1223
2018-11-08,1224
2018-11-09,1225
2018-11-12,1226
2018-11-13,1227
2018-11-14,1228
2018-11-15,1229
2018-11-16,1230
2018-11-19,1231
2018-11-20,1232
2018-11-21,1233
2018-11-23,1234
2018-11-26,1235
2018-11-27,1236
2018-11-28,1237
2018-11-29,1238
2018-11-30,1239
2018-12-03,1240
2018-12-04,1241
2018-12-06,1242
2018-12-07,1243
2018-12-10,1244
2018-12-11,1245
2018-12-12,1246
2018-12-13,1247
2018-12-14,1248
2018-12-17,1249
2018-12-18,1250
2018-12-19,1251
2018-12-20,1252
2018-12-21,1253
2018-12-24,1254
2018-12-26,1255
2018-12-27,1256
2018-12-28,1257
2018-12-31,1258
2019-01-02,1259
2019-01-03,1260
2019-01-04,1261
2019-01-07,1262
2019-01-08,1263
2019-01-09,1264
2019-01-10,1265
2019-01-11,1266
2019-01-14,1267
2019-01-15,1268
2019-01-16,1269
2019-01-17,1270
2019-01-18,1271
2019-01-22,1272
2019-01-23,1273
2019-01-24,1274
2019-01-25,1275
2019-01-28,1276
2019-01-29,1277
2019-01-30,1278
2019-01-31,1279
2019-02-01,1280
2019-02-04,1281
2019-02-05,1282
2019-02-06,1283
2019-02-07,1284
2019-02-08,1285
2019-02-11,1286
2019-02-12,1287
2019-02-13,1288
2019-02-14,1289
2019-02-15,1290
2019-02-19,1291
2019-02-20,1292
2019-02-21,1293
2019-02-22,1294
2019-02-25,1295
2019-02-26,1296
2019-02-27,1297
2019-02-28,1298
2019-03-01,1299
2019-03-04,1300
2019-03-05,1301
2019-03-06,1302
2019-03-07,1303
2019-03-08,1304
2019-03-11,1305
2019-03-12,1306
2019-03-13,1307
2019-03-14,1308
2019-03-15,1309
2019-03-18,1310
2019-03-19,1311
2019-03-20,1312
2019-03-21,1313
2019-03-22,1314
2019-03-25,1315
2019-03-26,1316
2019-03-27,1317
2019-03-28,1318
2019-03-29,1319
2019-04-01,1320
2019-04-02,1321
2019-04-03,1322
2019-04-04,1323
2019-04-05,1324
2019-04-08,1325
2019-04-09,1326
2019-04-10,1327
2019-04-11,1328
2019-04-12,1329
2019-04-15,1330
2019-04-16,1331
2019-04-17,1332
2019-04-18,1333
2019-04-22,1334
2019-04-23,1335
2019-04-24,1336
2019-04-25,1337
2019-04-26,1338
2019-04-29,1339
2019-04-30,1340
2019-05-01,1341
2019-05-02,1342
2019-05-03,1343
2019-05-06,1344
2019-05-07,1345
2019-05-08,1346
2019-05-09,1347
2019-05-10,1348
2019-05-13,1349
2019-05-14,1350
2019-05-15,1351
2019-05-16,1352
2019-05-17,1353
2019-05-20,1354
2019-05-21,1355
2019-05-22,1356
2019-05-23,1357
2019-05-24,1358
2019-05-28,1359
2019-05-29,1360
2019-05-30,1361
2019-05-31,1362
2019-06-03,1363
2019-06-04,1364
2019-06-05,1365
2019-06-06,1366
2019-06-07,1367
2019-06-10,1368
2019-06-11,1369
2019-06-12,1370
2019-06-13,1371
2019-06-14,1372
2019-06-17,1373
2019-06-18,1374
2019-06-19,1375
2019-06-20,1376
2019-06-21,1377
2019-06-24,1378
2019-06-25,1379
2019-06-26,1380
2019-06-27,1381
2019-06-28,1382
2019-07-01,1383
2019-07-02,1384
2019-07-03,1385
2019-07-05,1386
2019-07-08,1387
2019-07-09,1388
2019-07-10,1389
2019-07-11,1390
2019-07-12,1391
2019-07-15,1392
2019-07-16,1393
2019-07-17,1394
2019-07-18,1395
2019-07-19,1396
2019-07-22,1397
2019-07-23,1398
2019-07-24,1399
2019-07-25,1400
2019-07-26,1401
2019-07-29,1402
2019-07-30,1403
2019-07-31,1404
2019-08-01,1405
2019-08-02,1406
2019-08-05,1407
2019-08-06,1408
2019-08-07,1409
2019-08-08,1410
2019-08-09,1411
2019-08-12,1412
2019-08-13,1413
2019-08-14,1414
2019-08-15,1415
2019-08-16,1416
2019-08-19,1417
2019-08-20,1418
2019-08-21,1419
2019-08-22,1420
2019-08-23,1421
2019-08-26,1422
2019-08-27,1423
2019-08-28,1424
2019-08-29,1425
2019-08-30,1426
2019-09-03,1427
2019-09-04,1428
2019-09-05,1429
2019-09-06,1430
2019-09-09,1431
2019-09-10,1432
2019-09-11,1433
2019-09-12,1434
2019-09-13,1435
2019-09-16,1436
2019-09-17,1437
2019-09-18,1438
2019-09-19,1439
2019-09-20,1440
2019-09-23,1441
2019-09-24,1442
2019-09-25,1443
2019-09-26,1444
2019-09-27,1445
2019-09-30,1446
2019-10-01,1447
2019-10-02,1448
2019-10-03,1449
2019-10-04,1450
2019-10-07,1451
2019-10-08,1452
2019-10-09,1453
2019-10-10,1454
2019-10-11,1455
2019-10-14,1456
2019-10-15,1457
2019-10-16,1458
2019-10-17,1459
2019-10-18,1460
2019-10-21,1461
2019-10-22,1462
2019-10-23,1463
2019-10-24,1464
2019-10-25,1465
2019-10-28,1466
2019-10-29,1467
2019-10-30,1468
2019-10-31,1469
2019-11-01,1470
2019-11-04,1471
2019-11-05,1472
2019-11-06,1473
2019-11-07,1474
2019-11-08,1475
2019-11-11,1476
2019-11-12,1477
2019-11-13,1478
2019-11-14,1479
2019-11-15,1480
2019-11-18,1481
2019-11-19,1482
2019-11-20,1483
2019-11-21,1484
2019-11-22,1485
2019-11-25,1486
2019-11-26,1487
2019-11-27,1488
2019-11-29,1489
2019-12-02,1490
2019-12-03,1491
2019-12-04,1492
2019-12-05,1493
2019-12-06,1494
2019-12-09,1495
2019-12-10,1496
2019-12-11,1497
2019-12-12,1498
2019-12-13,1499
2019-12-16,1500
2019-12-17,1501
2019-12-18,1502
2019-12-19,1503
2019-12-20,1504
2019-12-23,1505
2019-12-24,1506
2019-12-26,1507
2019-12-27,1508
2019-12-30,1509
2019-12-31,1510
2020-01-02,1511
2020-01-03,1512
2020-01-06,1513
2020-01-07,1514
2020-01-08,1515
2020-01-09,1516
2020-01-10,1517
2020-01-13,1518
2020-01-14,1519
2020-01-15,1520
2020-01-16,1521
2020-01-17,1522
2020-01-21,1523
2020-01-22,1524
2020-01-23,1525
2020-01-24,1526
2020-01-27,1527
2020-01-28,1528
2020-01-29,1529
2020-01-30,1530
2020-01-31,1531
2020-02-03,1532
2020-02-04,1533
2020-02-05,1534
2020-02-06,1535
2020-02-07,1536
2020-02-10,1537
2020-02-11,1538
2020-02-12,1539
2020-02-13,1540
2020-02-14,1541
2020-02-18,1542
2020-02-19,1543
2020-02-20,1544
2020-02-21,1545
2020-02-24,1546
2020-02-25,1547
2020-02-26,1548
2020-02-27,1549
2020-02-28,1550
2020-03-02,1551
2020-03-03,1552
2020-03-04,1553
2020-03-05,1554
2020-03-06,1555
2020-03-09,1556
2020-03-10,1557
2020-03-11,1558
2020-03-12,1559
2020-03-13,1560
2020-03-16,1561
2020-03-17,1562
2020-03-18,1563
2020-03-19,1564
2020-03-20,1565
2020-03-23,1566
2020-03-24,1567
2020-03-25,1568
2020-03-26,1569
2020-03-27,1570
2020-03-30,1571
2020-03-31,1572
2020-04-01,1573
2020-04-02,1574
2020-04-03,1575
2020-04-06,1576
2020-04-07,1577
2020-04-08,1578
2020-04-09,1579
2020-04-13,1580
2020-04-14,1581
2020-04-15,1582
2020-04-16,1583
2020-04-17,1584
2020-04-20,1585
2020-04-21,1586
2020-04-22,1587
2020-04-23,1588
2020-04-24,1589
2020-04-27,1590
2020-04-28,1591
2020-04-29,1592
2020-04-30,1593
2020-05-01,1594
2020-05-04,1595
2020-05-05,1596
2020-05-06,1597
2020-05-07,1598
2020-05-08,1599
2020-05-11,1600
2020-05-12,1601
2020-05-13,1602
2020-05-14,1603
2020-05-15,1604
2020-05-18,1605
2020-05-19,1606
2020-05-20,1607
2020-05-21,1608
2020-05-22,1609
2020-05-26,1610
2020-05-27,1611
2020-05-28,1612
2020-05-29,1613
2020-06-01,1614
2020-06-02,1615
2020-06-03,1616
2020-06-04,1617
2020-06-05,1618
2020-06-08,1619
2020-06-09,1620
2020-06-10,1621
2020-06-11,1622
2020-06-12,1623
2020-06-15,1624
2020-06-16,1625
2020-06-17,1626
2020-06-18,1627
2020-06-19,1628
2020-06-22,1629
2020-06-23,1630
2020-06-24,1631
2020-06-25,1632
2020-06-26,1633
2020-06-29,1634
2020-06-30,1635
2020-07-01,1636
2020-07-02,1637
2020-07-06,1638
2020-07-07,1639
2020-07-08,1640
2020-07-09,1641
2020-07-10,1642
2020-07-13,1643
2020-07-14,1644
2020-07-15,1645
2020-07-16,1646
2020-07-17,1647
2020-07-20,1648
2020-07-21,1649
2020-07-22,1650
2020-07-23,1651
2020-07-24,1652
2020-07-27,1653
2020-07-28,1654
2020-07-29,1655
2020-07-30,1656
2020-07-31,1657
2020-08-03,1658
2020-08-04,1659
2020-08-05,1660
2020-08-06,1661
2020-08-07,1662
2020-08-10,1663
2020-08-11,1664
2020-08-12,1665
2020-08-13,1666
2020-08-14,1667
2020-08-17,1668
2020-08-18,1669
2020-08-19,1670
2020-08-20,1671
2020-08-21,1672
2020-08-24,1673
2020-08-25,1674
2020-08-26,1675
2020-08-27,1676
2020-08-28,1677
2020-08-31,1678
2020-09-01,1679
2020-09-02,1680
2020-09-03,1681
2020-09-04,1682
2020-09-08,1683
2020-09-09,1684
2020-09-10,1685
2020-09-11,1686
2020-09-14,1687
2020-09-15,1688
2020-09-16,1689
2020-09-17,1690
2020-09-18,1691
2020-09-21,1692
2020-09-22,1693
2020-09-23,1694
2020-09-24,1695
2020-09-25,1696
2020-09-28,1697
2020-09-29,1698
2020-09-30,1699
2020-10-01,1700
2020-10-02,1701
2020-10-05,1702
2020-10-06,1703
2020-10-07,1704
2020-10-08,1705
2020-10-09,1706
2020-10-12,1707
2020-10-13,1708
2020-10-14,1709
2020-10-15,1710
2020-10-16,1711
2020-10-19,1712
2020-10-20,1713
2020-10-21,1714
2020-10-22,1715
2020-10-23,1716
2020-10-26,1717
2020-10-27,1718
2020-10-28,1719
2020-10-29,1720
2020-10-30,1721
2020-11-02,1722
2020-11-03,1723
2020-11-04,1724
2020-11-05,1725
2020-11-06,1726
2020-11-09,1727
2020-11-10,1728
2020-11-11,1729
2020-11-12,1730
2020-11-13,1731
2020-11-16,1732
2020-11-17,1733
2020-11-18,1734
2020-11-19,1735
2020-11-20,1736
2020-11-23,1737
2020-11-24,1738
2020-11-25,1739
2020-11-27,1740
2020-11-30,1741
2020-12-01,1742
2020-12-02,1743
2020-12-03,1744
2020-12-04,1745
2020-12-07,1746
2020-12-08,1747
2020-12-09,1748
2020-12-10,1749
2020-12-11,1750
2020-12-14,1751
2020-12-15,1752
2020-12-16,1753
2020-12-17,1754
2020-12-18,1755
2020-12-21,1756
2020-12-22,1757
2020-12-23,1758
2020-12-24,1759
2020-12-28,1760
2020-12-29,1761
2020-12-30,1762
2020-12-31,1763
2021-01-04,1764
2021-01-05,1765
2021-01-06,1766
2021-01-07,1767
2021-01-08,1768
2021-01-11,1769
2021-01-12,1770
2021-01-13,1771
2021-01-14,1772
2021-01-15,1773
2021-01-19,1774
2021-01-20,1775
2021-01-21,1776
2021-01-22,1777
2021-01-25,1778
2021-01-26,1779
2021-01-27,1780
2021-01-28,1781
2021-01-29,1782
2021-02-01,1783
2021-02-02,1784
2021-02-03,1785
2021-02-04,1786
2021-02-05,1787
2021-02-08,1788
2021-02-09,1789
2021-02-10,1790
2021-02-11,1791
2021-02-12,1792
2021-02-16,1793
2021-02-17,1794
2021-02-18,1795
2021-02-19,1796
2021-02-22,1797
2021-02-23,1798
2021-02-24,1799
2021-02-25,1800
2021-02-26,1801
2021-03-01,1802
2021-03-02,1803
2021-03-03,1804
2021-03-04,1805
2021-03-05,1806
2021-03-08,1807
2021-03-09,1808
2021-03-10,1809
2021-03-11,1810
2021-03-12,1811
2021-03-15,1812
2021-03-16,1813
2021-03-17,1814
2021-03-18,1815
2021-03-19,1816
2021-03-22,1817
2021-03-23,1818
2021-03-24,1819
2021-03-25,1820
2021-03-26,1821
2021-03-29,1822
2021-03-30,1823
2021-03-31,1824
2021-04-01,1825
2021-04-05,1826
2021-04-06,1827
2021-04-07,1828
2021-04-08,1829
2021-04-09,1830
2021-04-12,1831
2021-04-13,1832
2021-04-14,1833
2021-04-15,1834
2021-04-16,1835
2021-04-19,1836
2021-04-20,1837
2021-04-21,1838
2021-04-22,1839
2021-04-23,1840
2021-04-26,1841
2021-04-27,1842
2021-04-28,1843
2021-04-29,1844
2021-04-30,1845
2021-05-03,1846
2021-05-04,1847
2021-05-05,1848
2021-05-06,1849
2021-05-07,1850
2021-05-10,1851
2021-05-11,1852
2021-05-12,1853
2021-05-13,1854
2021-05-14,1855
2021-05-17,1856
2021-05-18,1857
2021-05-19,1858
2021-05-20,1859
2021-05-21,1860
2021-05-24,1861
2021-05-25,1862
2021-05-26,1863
2021-05-27,1864
2021-05-28,1865
2021-06-01,1866
2021-06-02,1867
2021-06-03,1868
2021-06-04,1869
2021-06-07,1870
2021-06-08,1871
2021-06-09,1872
2021-06-10,1873
2021-06-11,1874
2021-06-14,1875
2021-06-15,1876
2021-06-16,1877
2021-06-17,1878
2021-06-18,1879
2021-06-21,1880
2021-06-22,1881
2021-06-23,1882
2021-06-24,1883
2021-06-25,1884
2021-06-28,1885
2021-06-29,1886
2021-06-30,1887
2021-07-01,1888
2021-07-02,1889
2021-07-06,1890
2021-07-07,1891
2021-07-08,1892
2021-07-09,1893
2021-07-12,1894
2021-07-13,1895
2021-07-14,1896
2021-07-15,1897
2021-07-16,1898
2021-07-19,1899
2021-07-20,1900
2021-07-21,1901
2021-07-22,1902
2021-07-23,1903
2021-07-26,1904
2021-07-27,1905
2021-07-28,1906
2021-07-29,1907
2021-07-30,1908
2021-08-02,1909
2021-08-03,1910
2021-08-04,1911
2021-08-05,1912
2021-08-06,1913
2021-08-09,1914
2021-08-10,1915
2021-08-11,1916
2021-08-12,1917
2021-08-13,1918
2021-08-16,1919
2021-08-17,1920
2021-08-18,1921
2021-08-19,1922
2021-08-20,1923
2021-08-23,1924
2021-08-24,1925
2021-08-25,1926
2021-08-26,1927
2021-08-27,1928
2021-08-30,1929
2021-08-31,1930
2021-09-01,1931
2021-09-02,1932
2021-09-03,1933
2021-09-07,1934
2021-09-08,1935
2021-09-09,1936
2021-09-10,1937
2021-09-13,1938
2021-09-14,1939
2021-09-15,1940
2021-09-16,1941
2021-09-17,1942
2021-09-20,1943
2021-09-21,1944
2021-09-22,1945
2021-09-23,1946
2021-09-24,1947
2021-09-27,1948
2021-09-28,1949
2021-09-29,1950
2021-09-30,1951
2021-10-01,1952
2021-10-04,1953
2021-10-05,1954
2021-10-06,1955
2021-10-07,1956
2021-10-08,1957
2021-10-11,1958
2021-10-12,1959
2021-10-13,1960
2021-10-14,1961
2021-10-15,1962
2021-10-18,1963
2021-10-19,1964
2021-10-20,1965
2021-10-21,1966
2021-10-22,1967
2021-10-25,1968
2021-10-26,1969
2021-10-27,1970
2021-10-28,1971
2021-10-29,1972
2021-11-01,1973
2021-11-02,1974
2021-11-03,1975
2021-11-04,1976
2021-11-05,1977
2021-11-08,1978
2021-11-09,1979
2021-11-10,1980
2021-11-11,1981
2021-11-12,1982
2021-11-15,1983
2021-11-16,1984
2021-11-17,1985
2021-11-18,1986
2021-11-19,1987
2021-11-22,1988
2021-11-23,1989
2021-11-24,1990
2021-11-26,1991
2021-11-29,1992
2021-11-30,1993
2021-12-01,1994
2021-12-02,1995
2021-12-03,1996
2021-12-06,1997
2021-12-07,1998
2021-12-08,1999
2021-12-09,2000
2021-12-10,2001
2021-12-13,2002
2021-12-14,2003
2021-12-15,2004
2021-12-16,2005
2021-12-17,2006
2021-12-20,2007
2021-12-21,2008
2021-12-22,2009
2021-12-23,2010
2021-12-27,2011
2021-12-28,2012
2021-12-29,2013
2021-12-30,2014
2021-12-31,2015
2022-01-03,2016
2022-01-04,2017
2022-01-05,2018
2022-01-06,2019
2022-01-07,2020
2022-01-10,2021
2022-01-11,2022
2022-01-12,2023
2022-01-13,2024
2022-01-14,2025
2022-01-18,2026
2022-01-19,2027
2022-01-20,2028
2022-01-21,2029
2022-01-24,2030
2022-01-25,2031
2022-01-26,2032
2022-01-27,2033
2022-01-28,2034
2022-01-31,2035
2022-02-01,2036
2022-02-02,2037
2022-02-03,2038
2022-02-04,2039
2022-02-07,2040
2022-02-08,2041
2022-02-09,2042
2022-02-10,2043
2022-02-11,2044
2022-02-14,2045
2022-02-15,2046
2022-02-16,2047
2022-02-17,2048
2022-02-18,2049
2022-02-22,2050
2022-02-23,2051
2022-02-24,2052
2022-02-25,2053
2022-02-28,2054
2022-03-01,2055
2022-03-02,2056
2022-03-03,2057
2022-03-04,2058
2022-03-07,2059
2022-03-08,2060
2022-03-09,2061
2022-03-10,2062
2022-03-11,2063
2022-03-14,2064
2022-03-15,2065
2022-03-16,2066
2022-03-17,2067
2022-03-18,2068
2022-03-21,2069
2022-03-22,2070
2022-03-23,2071
2022-03-24,2072
2022-03-25,2073
2022-03-28,2074
2022-03-29,2075
2022-03-30,2076
2022-03-31,2077
2022-04-01,2078
2022-04-04,2079
2022-04-05,2080
2022-04-06,2081
2022-04-07,2082
2022-04-08,2083
2022-04-11,2084
2022-04-12,2085
2022-04-13,2086
2022-04-14,2087
2022-04-18,2088
2022-04-19,2089
2022-04-20,2090
2022-04-21,2091
2022-04-22,2092
2022-04-25,2093
2022-04-26,2094
2022-04-27,2095
2022-04-28,2096
2022-04-29,2097
2022-05-02,2098
2022-05-03,2099
2022-05-04,2100
2022-05-05,2101
2022-05-06,2102
2022-05-09,2103
2022-05-10,2104
2022-05-11,2105
2022-05-12,2106
2022-05-13,2107
2022-05-16,2108
2022-05-17,2109
2022-05-18,2110
2022-05-19,2111
2022-05-20,2112
2022-05-23,2113
2022-05-24,2114
2022-05-25,2115
2022-05-26,2116
2022-05-27,2117
2022-05-31,2118
2022-06-01,2119
2022-06-02,2120
2022-06-03,2121
2022-06-06,2122
2022-06-07,2123
2022-06-08,2124
2022-06-09,2125
2022-06-10,2126
2022-06-13,2127
2022-06-14,2128
2022-06-15,2129
2022-06-16,2130
2022-06-17,2131
2022-06-21,2132
2022-06-22,2133
2022-06-23,2134
2022-06-24,2135
2022-06-27,2136
2022-06-28,2137
2022-06-29,2138
2022-06-30,2139
2022-07-01,2140
2022-07-05,2141
2022-07-06,2142
2022-07-07,2143
2022-07-08,2144
2022-07-11,2145
2022-07-12,2146
2022-07-13,2147
2022-07-14,2148
2022-07-15,2149
2022-07-18,2150
2022-07-19,2151
2022-07-20,2152
2022-07-21,2153
2022-07-22,2154
2022-07-25,2155
2022-07-26,2156
2022-07-27,2157
2022-07-28,2158
2022-07-29,2159
2022-08-01,2160
2022-08-02,2161
2022-08-03,2162
2022-08-04,2163
2022-08-05,2164
2022-08-08,2165
2022-08-09,2166
2022-08-10,2167
2022-08-11,2168
2022-08-12,2169
2022-08-15,2170
2022-08-16,2171
2022-08-17,2172
2022-08-18,2173
2022-08-19,2174
2022-08-22,2175
2022-08-23,2176
2022-08-24,2177
2022-08-25,2178
2022-08-26,2179
2022-08-29,2180
2022-08-30,2181
2022-08-31,2182
2022-09-01,2183
2022-09-02,2184
2022-09-06,2185
2022-09-07,2186
2022-09-08,2187
2022-09-09,2188
2022-09-12,2189
2022-09-13,2190
2022-09-14,2191
2022-09-15,2192
2022-09-16,2193
2022-09-19,2194
2022-09-20,2195
2022-09-21,2196
2022-09-22,2197
2022-09-23,2198
2022-09-26,2199
2022-09-27,2200
2022-09-28,2201
2022-09-29,2202
2022-09-30,2203
2022-10-03,2204
2022-10-04,2205
2022-10-05,2206
2022-10-06,2207
2022-10-07,2208
2022-10-10,2209
2022-10-11,2210
2022-10-12,2211
2022-10-13,2212
2022-10-14,2213
2022-10-17,2214
2022-10-18,2215
2022-10-19,2216
2022-10-20,2217
2022-10-21,2218
2022-10-24,2219
2022-10-25,2220
2022-10-26,2221
2022-10-27,2222
2022-10-28,2223
2022-10-31,2224
2022-11-01,2225
2022-11-02,2226
2022-11-03,2227
2022-11-04,2228
2022-11-07,2229
2022-11-08,2230
2022-11-09,2231
2022-11-10,2232
2022-11-11,2233
2022-11-14,2234
2022-11-15,2235
2022-11-16,2236
2022-11-17,2237
2022-11-18,2238
2022-11-21,2239
2022-11-22,2240
2022-11-23,2241
2022-11-25,2242
2022-11-28,2243
2022-11-29,2244
2022-11-30,2245
2022-12-01,2246
2022-12-02,2247
2022-12-05,2248
2022-12-06,2249
2022-12-07,2250
2022-12-08,2251
2022-12-09,2252
2022-12-12,2253
2022-12-13,2254
2022-12-14,2255
2022-12-15,2256
2022-12-16,2257
2022-12-19,2258
2022-12-20,2259
2022-12-21,2260
2022-12-22,2261
2022-12-23,2262
2022-12-27,2263
2022-12-28,2264
2022-12-29,2265
2022-12-30,2266
2023-01-03,2267
2023-01-04,2268
2023-01-05,2269
2023-01-06,2270
2023-01-09,2271
2023-01-10,2272
2023-01-11,2273
2023-01-12,2274
2023-01-13,2275
2023-01-17,2276
2023-01-18,2277
2023-01-19,2278
2023-01-20,2279
2023-01-23,2280
2023-01-24,2281
2023-01-25,2282
2023-01-26,2283
2023-01-27,2284
2023-01-30,2285
2023-01-31,2286
2023-02-01,2287
2023-02-02,2288
2023-02-03,2289
2023-02-06,2290
2023-02-07,2291
2023-02-08,2292
2023-02-09,2293
2023-02-10,2294
2023-02-13,2295
2023-02-14,2296
2023-02-15,2297
2023-02-16,2298
2023-02-17,2299
2023-02-21,2300
2023-02-22,2301
2023-02-23,2302
2023-02-24,2303
2023-02-27,2304
2023-02-28,2305
2023-03-01,2306
2023-03-02,2307
2023-03-03,2308
2023-03-06,2309
2023-03-07,2310
2023-03-08,2311
2023-03-09,2312
2023-03-10,2313
2023-03-13,2314
2023-03-14,2315
2023-03-15,2316
2023-03-16,2317
2023-03-17,2318
2023-03-20,2319
2023-03-21,2320
2023-03-22,2321
2023-03-23,2322
2023-03-24,2323
2023-03-27,2324
2023-03-28,2325
2023-03-29,2326
2023-03-30,2327
2023-03-31,2328
2023-04-03,2329
2023-04-04,2330
2023-04-05,2331
2023-04-06,2332
2023-04-10,2333
2023-04-11,2334
2023-04-12,2335
2023-04-13,2336
2023-04-14,2337
2023-04-17,2338
2023-04-18,2339
2023-04-19,2340
2023-04-20,2341
2023-04-21,2342
2023-04-24,2343
2023-04-25,2344
2023-04-26,2345
2023-04-27,2346
2023-04-28,2347
2023-05-01,2348
2023-05-02,2349
2023-05-03,2350
2023-05-04,2351
2023-05-05,2352
2023-05-08,2353
2023-05-09,2354
2023-05-10,2355
2023-05-11,2356
2023-05-12,2357
2023-05-15,2358
2023-05-16,2359
2023-05-17,2360
2023-05-18,2361
2023-05-19,2362
2023-05-22,2363
2023-05-23,2364
2023-05-24,2365
2023-05-25,2366
2023-05-26,2367
2023-05-30,2368
2023-05-31,2369
2023-06-01,2370
2023-06-02,2371
2023-06-05,2372
2023-06-06,2373
2023-06-07,2374
2023-06-08,2375
2023-06-09,2376
2023-06-12,2377
2023-06-13,2378
2023-06-14,2379
2023-06-15,2380
2023-06-16,2381
2023-06-20,2382
2023-06-21,2383
2023-06-22,2384
2023-06-23,2385
2023-06-26,2386
2023-06-27,2387
2023-06-28,2388
2023-06-29,2389
2023-06-30,2390
2023-07-03,2391
2023-07-05,2392
2023-07-06,2393
2023-07-07,2394
2023-07-10,2395
2023-07-11,2396
2023-07-12,2397
2023-07-13,2398
2023-07-14,2399
2023-07-17,2400
2023-07-18,2401
2023-07-19,2402
2023-07-20,2403
2023-07-21,2404
2023-07-24,2405
2023-07-25,2406
2023-07-26,2407
2023-07-27,2408
2023-07-28,2409
2023-07-31,2410
2023-08-01,2411
2023-08-02,2412
2023-08-03,2413
2023-08-04,2414
2023-08-07,2415
2023-08-08,2416
2023-08-09,2417
2023-08-10,2418
2023-08-11,2419
2023-08-14,2420
2023-08-15,2421
2023-08-16,2422
2023-08-17,2423
2023-08-18,2424
2023-08-21,2425
2023-08-22,2426
2023-08-23,2427
2023-08-24,2428
2023-08-25,2429
2023-08-28,2430
2023-08-29,2431
2023-08-30,2432
2023-08-31,2433
2023-09-01,2434
2023-09-05,2435
2023-09-06,2436
2023-09-07,2437
2023-09-08,2438
2023-09-11,2439
2023-09-12,2440
2023-09-13,2441
2023-09-14,2442
2023-09-15,2443
2023-09-18,2444
2023-09-19,2445
2023-09-20,2446
2023-09-21,2447
2023-09-22,2448
2023-09-25,2449
2023-09-26,2450
2023-09-27,2451
2023-09-28,2452
2023-09-29,2453
2023-10-02,2454
2023-10-03,2455
2023-10-04,2456
2023-10-05,2457
2023-10-06,2458
2023-10-09,2459
2023-10-10,2460
2023-10-11,2461
2023-10-12,2462
2023-10-13,2463
2023-10-16,2464
2023-10-17,2465
2023-10-18,2466
2023-10-19,2467
2023-10-20,2468
2023-10-23,2469
2023-10-24,2470
2023-10-25,2471
2023-10-26,2472
2023-10-27,2473
2023-10-30,2474
2023-10-31,2475
2023-11-01,2476
2023-11-02,2477
2023-11-03,2478
2023-11-06,2479
2023-11-07,2480
2023-11-08,2481
2023-11-09,2482
2023-11-10,2483
2023-11-13,2484
2023-11-14,2485
2023-11-15,2486
2023-11-16,2487
2023-11-17,2488
2023-11-20,2489
2023-11-21,2490
2023-11-22,2491
2023-11-24,2492
2023-11-27,2493
2023-11-28,2494
2023-11-29,2495
2023-11-30,2496
2023-12-01,2497
2023-12-04,2498
2023-12-05,2499
2023-12-06,2500
2023-12-07,2501
2023-12-08,2502
2023-12-11,2503
2023-12-12,2504
2023-12-13,2505
2023-12-14,2506
2023-12-15,2507
2023-12-18,2508
2023-12-19,2509
2023-12-20,2510
2023-12-21,2511
2023-12-22,2512
2023-12-26,2513
2023-12-27,2514
2023-12-28,2515
2023-12-29,2516
2024-01-02,2517
2024-01-03,2518
2024-01-04,2519
2024-01-05,2520
2024-01-08,2521
2024-01-09,2522
2024-01-10,2523
2024-01-11,2524
2024-01-12,2525
2024-01-16,2526
2024-01-17,2527
2024-01-18,2528
2024-01-19,2529
2024-01-22,2530
2024-01-23,2531
2024-01-24,2532
2024-01-25,2533
2024-01-26,2534
2024-01-29,2535
2024-01-30,2536
2024-01-31,2537
2024-02-01,2538
2024-02-02,2539
2024-02-05,2540
2024-02-06,2541
2024-02-07,2542
2024-02-08,2543
2024-02-09,2544
2024-02-12,2545
2024-02-13,2546
2024-02-14,2547
2024-02-15,2548
2024-02-16,2549
2024-02-20,2550
2024-02-21,2551
2024-02-22,2552
2024-02-23,2553
2024-02-26,2554
2024-02-27,2555
2024-02-28,2556
2024-02-29,2557
2024-03-01,2558
