date_nr,Portfolio Value,Cash Value,HBAN Position 1 Value,MORN Position 1 Value,MTX Position 1 Value,NPO Position 1 Value,NSC Position 1 Value,NTRS Position 1 Value,RLJ Position 1 Value,ASB Position 1 Value,BOX Position 1 Value,VAC Position 1 Value,CFR Position 1 Value,FBP Position 1 Value,FBP Position 2 Value,PINC Position 1 Value,TGNA Position 1 Value,LBTYA Position 1 Value,WNS Position 1 Value,WNS Position 2 Value,WNS Position 3 Value,VLY Position 1 Value,AGYS Position 1 Value,FHN Position 1 Value,SUPN Position 1 Value,CHDN Position 1 Value,EXLS Position 1 Value,CWEN Position 1 Value,IRDM Position 1 Value,MTZ Position 1 Value,NEP Position 1 Value,NEP Position 2 Value,VGR Position 1 Value,CPB Position 1 Value,AES Position 1 Value,BIP Position 1 Value,ROIC Position 1 Value,NOK Position 1 Value,OLN Position 1 Value,OLN Position 2 Value,HI Position 1 Value,APPF Position 1 Value,FLEX Position 1 Value,FLEX Position 2 Value,ERF Position 1 Value,ERF Position 2 Value,FLEX Position 3 Value,HUM Position 1 Value,HAE Position 1 Value,AGI Position 1 Value,Scaled ^GSPC,Investment Value
2345,10000.000098999999,2.29999999999983,1992.72,1906.19995,1958.950035,1938.3000630000001,1809.180036,382.400015,9.95,0.0,0.0,0.0,0.0,0.0,0.0,0.0,0.0,0.0,0.0,0.0,0.0,0.0,0.0,0.0,0.0,0.0,0.0,0.0,0.0,0.0,0.0,0.0,0.0,0.0,0.0,0.0,0.0,0.0,0.0,0.0,0.0,0.0,0.0,0.0,0.0,0.0,0.0,0.0,0.0,0.0,10000.0,10000.0
2346,9941.770070999997,2.29999999999983,2051.6,1720.29999,1961.400035,2003.400042,1807.740009,385.149995,9.88,0.0,0.0,0.0,0.0,0.0,0.0,0.0,0.0,0.0,0.0,0.0,0.0,0.0,0.0,0.0,0.0,0.0,0.0,0.0,0.0,0.0,0.0,0.0,0.0,0.0,0.0,0.0,0.0,0.0,0.0,0.0,0.0,0.0,0.0,0.0,0.0,0.0,0.0,0.0,0.0,0.0,10195.661498661637,10000.0
2347,10128.139858000002,2.29999999999983,2060.7999999999997,1783.09998,2074.0999300000003,1979.6699370000001,1827.2699910000001,390.80002,10.1,0.0,0.0,0.0,0.0,0.0,0.0,0.0,0.0,0.0,0.0,0.0,0.0,0.0,0.0,0.0,0.0,0.0,0.0,0.0,0.0,0.0,0.0,0.0,0.0,0.0,0.0,0.0,0.0,0.0,0.0,0.0,0.0,0.0,0.0,0.0,0.0,0.0,0.0,0.0,0.0,0.0,10279.808358205539,10000.0
2348,10158.159912000001,2076.39993,2022.16,1818.3000200000001,0.0,1968.539958,1877.490009,385.149995,10.12,0.0,0.0,0.0,0.0,0.0,0.0,0.0,0.0,0.0,0.0,0.0,0.0,0.0,0.0,0.0,0.0,0.0,0.0,0.0,0.0,0.0,0.0,0.0,0.0,0.0,0.0,0.0,0.0,0.0,0.0,0.0,0.0,0.0,0.0,0.0,0.0,0.0,0.0,0.0,0.0,0.0,10275.839258173317,10045.833333333334
2349,10082.429916000001,2074.87993,1895.2,1815.29999,0.0,2079.0,1835.009991,373.050005,9.99,0.0,0.0,0.0,0.0,0.0,0.0,0.0,0.0,0.0,0.0,0.0,0.0,0.0,0.0,0.0,0.0,0.0,0.0,0.0,0.0,0.0,0.0,0.0,0.0,0.0,0.0,0.0,0.0,0.0,0.0,0.0,0.0,0.0,0.0,0.0,0.0,0.0,0.0,0.0,0.0,0.0,10156.780682784673,10045.833333333334
2350,10032.530002,2079.7799999999997,1852.88,1821.30005,0.0,0.0,1826.819964,365.999985,10.13,1997.5,78.120003,0.0,0.0,0.0,0.0,0.0,0.0,0.0,0.0,0.0,0.0,0.0,0.0,0.0,0.0,0.0,0.0,0.0,0.0,0.0,0.0,0.0,0.0,0.0,0.0,0.0,0.0,0.0,0.0,0.0,0.0,0.0,0.0,0.0,0.0,0.0,0.0,0.0,0.0,0.0,10085.700433397766,10045.833333333334
2351,9834.509937,2079.7799999999997,1736.9599999999998,1843.60001,0.0,0.0,1835.369937,357.99999,10.24,1892.5,78.06,0.0,0.0,0.0,0.0,0.0,0.0,0.0,0.0,0.0,0.0,0.0,0.0,0.0,0.0,0.0,0.0,0.0,0.0,0.0,0.0,0.0,0.0,0.0,0.0,0.0,0.0,0.0,0.0,0.0,0.0,0.0,0.0,0.0,0.0,0.0,0.0,0.0,0.0,0.0,10012.894462296244,10045.833333333334
2352,9929.160178999999,0.7799999999996317,1812.3999999999999,1862.10007,0.0,0.0,1878.4800089999999,365.149995,10.74,1972.5,79.71000000000001,1947.300105,0.0,0.0,0.0,0.0,0.0,0.0,0.0,0.0,0.0,0.0,0.0,0.0,0.0,0.0,0.0,0.0,0.0,0.0,0.0,0.0,0.0,0.0,0.0,0.0,0.0,0.0,0.0,0.0,0.0,0.0,0.0,0.0,0.0,0.0,0.0,0.0,0.0,0.0,10197.880197431157,10045.833333333334
2353,9815.829915,11.519999999999632,1794.0,1871.90002,0.0,0.0,1863.720018,365.099985,0.0,1898.75,80.63999700000001,1930.199895,0.0,0.0,0.0,0.0,0.0,0.0,0.0,0.0,0.0,0.0,0.0,0.0,0.0,0.0,0.0,0.0,0.0,0.0,0.0,0.0,0.0,0.0,0.0,0.0,0.0,0.0,0.0,0.0,0.0,0.0,0.0,0.0,0.0,0.0,0.0,0.0,0.0,0.0,10202.490950920715,10045.833333333334
2354,9930.819848,11.519999999999632,1803.2,1875.39993,0.0,0.0,1874.700027,360.699995,0.0,1868.75,81.36000299999999,1926.449895,96.099998,32.64,0.0,0.0,0.0,0.0,0.0,0.0,0.0,0.0,0.0,0.0,0.0,0.0,0.0,0.0,0.0,0.0,0.0,0.0,0.0,0.0,0.0,0.0,0.0,0.0,0.0,0.0,0.0,0.0,0.0,0.0,0.0,0.0,0.0,0.0,0.0,0.0,10155.769447547378,10045.833333333334
2355,9869.910045999999,0.7799999999996317,1762.72,1904.60007,0.0,0.0,1876.5,357.05002,0.0,1871.25,81.30000000000001,1875.299955,96.970001,32.58,10.86,0.0,0.0,0.0,0.0,0.0,0.0,0.0,0.0,0.0,0.0,0.0,0.0,0.0,0.0,0.0,0.0,0.0,0.0,0.0,0.0,0.0,0.0,0.0,0.0,0.0,0.0,0.0,0.0,0.0,0.0,0.0,0.0,0.0,0.0,0.0,10201.307565357181,10045.833333333334
2356,9781.849949999998,0.7799999999996317,1707.52,1895.0,0.0,0.0,1892.789982,352.599985,0.0,1848.75,80.01,1865.849985,95.669998,32.160000000000004,10.72,0.0,0.0,0.0,0.0,0.0,0.0,0.0,0.0,0.0,0.0,0.0,0.0,0.0,0.0,0.0,0.0,0.0,0.0,0.0,0.0,0.0,0.0,0.0,0.0,0.0,0.0,0.0,0.0,0.0,0.0,0.0,0.0,0.0,0.0,0.0,10183.9997810251,10045.833333333334
2357,9772.970086999994,0.7799999999996317,1707.52,1899.40002,0.0,0.0,1907.190036,349.65000000000003,0.0,1838.75,79.53,1849.95003,97.360001,32.13,10.71,0.0,0.0,0.0,0.0,0.0,0.0,0.0,0.0,0.0,0.0,0.0,0.0,0.0,0.0,0.0,0.0,0.0,0.0,0.0,0.0,0.0,0.0,0.0,0.0,0.0,0.0,0.0,0.0,0.0,0.0,0.0,0.0,0.0,0.0,0.0,10167.875384722041,10045.833333333334
2358,9897.500118,1907.9700359999997,1759.0400000000002,1923.50006,0.0,0.0,0.0,354.19998,0.0,1868.75,81.03,1859.700045,99.629997,32.76,10.92,0.0,0.0,0.0,0.0,0.0,0.0,0.0,0.0,0.0,0.0,0.0,0.0,0.0,0.0,0.0,0.0,0.0,0.0,0.0,0.0,0.0,0.0,0.0,0.0,0.0,0.0,0.0,0.0,0.0,0.0,0.0,0.0,0.0,0.0,0.0,10197.953632030536,10045.833333333334
2359,9812.220023,1907.9700359999997,1744.3200000000002,1922.59995,0.0,0.0,0.0,348.25001,0.0,1810.0,80.129997,1859.10003,96.25,32.7,10.9,0.0,0.0,0.0,0.0,0.0,0.0,0.0,0.0,0.0,0.0,0.0,0.0,0.0,0.0,0.0,0.0,0.0,0.0,0.0,0.0,0.0,0.0,0.0,0.0,0.0,0.0,0.0,0.0,0.0,0.0,0.0,0.0,0.0,0.0,0.0,10132.914312246614,10045.833333333334
2360,8217.479952999998,0.7799999999996317,1847.36,1929.1999799999999,0.0,0.0,0.0,360.550005,0.0,1941.25,82.169997,1906.49997,103.470001,34.650000000000006,11.55,0.0,0.0,0.0,0.0,0.0,0.0,0.0,0.0,0.0,0.0,0.0,0.0,0.0,0.0,0.0,0.0,0.0,0.0,0.0,0.0,0.0,0.0,0.0,0.0,0.0,0.0,0.0,0.0,0.0,0.0,0.0,0.0,0.0,0.0,0.0,10253.403066214174,10045.833333333334
2361,10194.609998,232.61999799999964,1882.3200000000002,1945.8000200000001,0.0,0.0,0.0,364.449995,0.0,1946.25,0.0,1929.5999849999998,0.0,0.0,0.0,1893.5700000000002,0.0,0.0,0.0,0.0,0.0,0.0,0.0,0.0,0.0,0.0,0.0,0.0,0.0,0.0,0.0,0.0,0.0,0.0,0.0,0.0,0.0,0.0,0.0,0.0,0.0,0.0,0.0,0.0,0.0,0.0,0.0,0.0,0.0,0.0,10350.246956600598,10045.833333333334
2362,10123.469812000001,232.61999799999964,1871.28,1974.29993,0.0,0.0,0.0,360.999985,0.0,1900.0,0.0,1887.14997,0.0,0.0,0.0,1897.1199290000002,0.0,0.0,0.0,0.0,0.0,0.0,0.0,0.0,0.0,0.0,0.0,0.0,0.0,0.0,0.0,0.0,0.0,0.0,0.0,0.0,0.0,0.0,0.0,0.0,0.0,0.0,0.0,0.0,0.0,0.0,0.0,0.0,0.0,0.0,10335.281867892381,10045.833333333334
2363,10272.200014999999,0.7799999999996317,1937.52,2007.79999,0.0,0.0,0.0,365.149995,0.0,1957.5,0.0,1878.90003,0.0,0.0,0.0,1888.6000000000001,235.95000000000002,0.0,0.0,0.0,0.0,0.0,0.0,0.0,0.0,0.0,0.0,0.0,0.0,0.0,0.0,0.0,0.0,0.0,0.0,0.0,0.0,0.0,0.0,0.0,0.0,0.0,0.0,0.0,0.0,0.0,0.0,0.0,0.0,0.0,10336.884196797535,10045.833333333334
2364,10298.929915,2008.5799899999997,1937.52,0.0,0.0,0.0,0.0,364.749985,0.0,1990.0,0.0,1886.549955,0.0,0.0,0.0,1869.4299999999998,242.099985,0.0,0.0,0.0,0.0,0.0,0.0,0.0,0.0,0.0,0.0,0.0,0.0,0.0,0.0,0.0,0.0,0.0,0.0,0.0,0.0,0.0,0.0,0.0,0.0,0.0,0.0,0.0,0.0,0.0,0.0,0.0,0.0,0.0,10220.883405089467,10045.833333333334
2365,10157.189980000001,2008.5799899999997,1906.2399999999998,0.0,0.0,0.0,0.0,356.74999,0.0,1946.25,0.0,1864.8,0.0,0.0,0.0,1833.22,241.35,0.0,0.0,0.0,0.0,0.0,0.0,0.0,0.0,0.0,0.0,0.0,0.0,0.0,0.0,0.0,0.0,0.0,0.0,0.0,0.0,0.0,0.0,0.0,0.0,0.0,0.0,0.0,0.0,0.0,0.0,0.0,0.0,0.0,10146.080843754744,10045.833333333334
2366,10136.700047999999,0.7799999999996317,1917.28,0.0,0.0,0.0,0.0,358.899995,0.0,1936.25,0.0,1883.55,0.0,0.0,0.0,1807.659929,233.4,1998.8801239999998,0.0,0.0,0.0,0.0,0.0,0.0,0.0,0.0,0.0,0.0,0.0,0.0,0.0,0.0,0.0,0.0,0.0,0.0,0.0,0.0,0.0,0.0,0.0,0.0,0.0,0.0,0.0,0.0,0.0,0.0,0.0,0.0,10234.935971821764,10045.833333333334
2367,10203.690056,0.7799999999996317,1935.6799999999998,0.0,0.0,0.0,0.0,363.100015,0.0,1945.0,0.0,1883.39997,0.0,0.0,0.0,1819.020071,230.54999999999998,2026.16,0.0,0.0,0.0,0.0,0.0,0.0,0.0,0.0,0.0,0.0,0.0,0.0,0.0,0.0,0.0,0.0,0.0,0.0,0.0,0.0,0.0,0.0,0.0,0.0,0.0,0.0,0.0,0.0,0.0,0.0,0.0,0.0,10368.492539105107,10045.833333333334
2368,10168.139969999998,0.7799999999996317,1955.92,0.0,0.0,0.0,0.0,365.90000000000003,0.0,1926.25,0.0,1868.99997,0.0,0.0,0.0,1792.04,230.85000000000002,2027.4,0.0,0.0,0.0,0.0,0.0,0.0,0.0,0.0,0.0,0.0,0.0,0.0,0.0,0.0,0.0,0.0,0.0,0.0,0.0,0.0,0.0,0.0,0.0,0.0,0.0,0.0,0.0,0.0,0.0,0.0,0.0,0.0,10368.664691896834,10045.833333333334
2369,9985.519880999998,0.7799999999996317,1897.0400000000002,0.0,0.0,0.0,0.0,359.59999000000005,0.0,1851.25,0.0,1848.300015,0.0,0.0,0.0,1775.0,232.35,2021.199876,0.0,0.0,0.0,0.0,0.0,0.0,0.0,0.0,0.0,0.0,0.0,0.0,0.0,0.0,0.0,0.0,0.0,0.0,0.0,0.0,0.0,0.0,0.0,0.0,0.0,0.0,0.0,0.0,0.0,0.0,0.0,0.0,10305.32641427944,10045.833333333334
2370,10030.879933999999,0.7799999999996317,1924.64,0.0,0.0,0.0,0.0,365.20000500000003,0.0,1888.75,0.0,1857.3,0.0,0.0,0.0,1779.259929,237.15,1977.8,0.0,0.0,0.0,0.0,0.0,0.0,0.0,0.0,0.0,0.0,0.0,0.0,0.0,0.0,0.0,0.0,0.0,0.0,0.0,0.0,0.0,0.0,0.0,0.0,0.0,0.0,0.0,0.0,0.0,0.0,0.0,0.0,10406.87977634777,10091.876736111113
2371,10414.67995,0.7799999999996317,2003.7600000000002,0.0,0.0,0.0,0.0,375.90000000000003,0.0,2007.4998750000002,0.0,1936.9500750000002,0.0,0.0,0.0,1833.22,244.04999999999998,2012.52,0.0,0.0,0.0,0.0,0.0,0.0,0.0,0.0,0.0,0.0,0.0,0.0,0.0,0.0,0.0,0.0,0.0,0.0,0.0,0.0,0.0,0.0,0.0,0.0,0.0,0.0,0.0,0.0,0.0,0.0,0.0,0.0,10558.13778524636,10091.876736111113
2372,10323.210143999997,0.7799999999996317,1981.6799999999998,0.0,0.0,0.0,0.0,371.74999,0.0,1942.5,0.0,1913.100015,0.0,0.0,0.0,1851.6799999999998,243.00001500000002,2018.720124,0.0,0.0,0.0,0.0,0.0,0.0,0.0,0.0,0.0,0.0,0.0,0.0,0.0,0.0,0.0,0.0,0.0,0.0,0.0,0.0,0.0,0.0,0.0,0.0,0.0,0.0,0.0,0.0,0.0,0.0,0.0,0.0,10536.98369457761,10091.876736111113
2373,10609.489933999997,0.7799999999996317,2073.68,0.0,0.0,0.0,0.0,377.79999,0.0,2065.0,0.0,1979.550015,0.0,0.0,0.0,1831.799929,244.8,2036.0800000000002,0.0,0.0,0.0,0.0,0.0,0.0,0.0,0.0,0.0,0.0,0.0,0.0,0.0,0.0,0.0,0.0,0.0,0.0,0.0,0.0,0.0,0.0,0.0,0.0,0.0,0.0,0.0,0.0,0.0,0.0,0.0,0.0,10561.786662594795,10091.876736111113
2374,10793.180017,0.7799999999996317,2101.28,0.0,0.0,0.0,0.0,378.899995,0.0,2123.75,0.0,1979.8500749999998,0.0,0.0,0.0,1836.060071,247.20000000000002,2125.359876,0.0,0.0,0.0,0.0,0.0,0.0,0.0,0.0,0.0,0.0,0.0,0.0,0.0,0.0,0.0,0.0,0.0,0.0,0.0,0.0,0.0,0.0,0.0,0.0,0.0,0.0,0.0,0.0,0.0,0.0,0.0,0.0,10521.525029700579,10091.876736111113
2375,10776.479886000001,6351.169876,0.0,0.0,0.0,0.0,0.0,372.29999499999997,0.0,0.0,0.0,1968.300015,0.0,0.0,0.0,1839.61,245.1,0.0,0.0,0.0,0.0,0.0,0.0,0.0,0.0,0.0,0.0,0.0,0.0,0.0,0.0,0.0,0.0,0.0,0.0,0.0,0.0,0.0,0.0,0.0,0.0,0.0,0.0,0.0,0.0,0.0,0.0,0.0,0.0,0.0,10586.638987242668,10091.876736111113
2376,10764.189826000002,6351.169876,0.0,0.0,0.0,0.0,0.0,374.15000999999995,0.0,0.0,0.0,1943.8499400000003,0.0,0.0,0.0,1850.97,244.04999999999998,0.0,0.0,0.0,0.0,0.0,0.0,0.0,0.0,0.0,0.0,0.0,0.0,0.0,0.0,0.0,0.0,0.0,0.0,0.0,0.0,0.0,0.0,0.0,0.0,0.0,0.0,0.0,0.0,0.0,0.0,0.0,0.0,0.0,10598.793077889226,10091.876736111113
2377,6386.640103,0.7799999999996317,0.0,0.0,0.0,0.0,0.0,367.94998,0.0,0.0,0.0,1989.5999849999998,0.0,0.0,0.0,1853.810071,246.60001499999998,0.0,1927.900052,0.0,0.0,0.0,0.0,0.0,0.0,0.0,0.0,0.0,0.0,0.0,0.0,0.0,0.0,0.0,0.0,0.0,0.0,0.0,0.0,0.0,0.0,0.0,0.0,0.0,0.0,0.0,0.0,0.0,0.0,0.0,10697.586006616351,10091.876736111113
2378,6419.570003,0.7799999999996317,0.0,0.0,0.0,0.0,0.0,373.75,0.0,0.0,0.0,1987.6499250000002,0.0,0.0,0.0,1857.36,244.04999999999998,0.0,1955.9800779999998,0.0,0.0,0.0,0.0,0.0,0.0,0.0,0.0,0.0,0.0,0.0,0.0,0.0,0.0,0.0,0.0,0.0,0.0,0.0,0.0,0.0,0.0,0.0,0.0,0.0,0.0,0.0,0.0,0.0,0.0,0.0,10771.74691449374,10091.876736111113
2379,6342.750037999999,0.7799999999996317,0.0,0.0,0.0,0.0,0.0,371.25,0.0,0.0,0.0,1944.4500750000002,0.0,0.0,0.0,1835.3500000000001,243.00001500000002,0.0,1947.9199480000002,0.0,0.0,0.0,0.0,0.0,0.0,0.0,0.0,0.0,0.0,0.0,0.0,0.0,0.0,0.0,0.0,0.0,0.0,0.0,0.0,0.0,0.0,0.0,0.0,0.0,0.0,0.0,0.0,0.0,0.0,0.0,10780.573558565415,10091.876736111113
2380,8368.889949999999,0.7799999999996317,0.0,0.0,0.0,0.0,0.0,378.199995,0.0,0.0,0.0,1926.749955,0.0,0.0,0.0,1957.47,241.05,0.0,1932.3199999999997,1932.3199999999997,0.0,0.0,0.0,0.0,0.0,0.0,0.0,0.0,0.0,0.0,0.0,0.0,0.0,0.0,0.0,0.0,0.0,0.0,0.0,0.0,0.0,0.0,0.0,0.0,0.0,0.0,0.0,0.0,0.0,0.0,10911.860864824273,10091.876736111113
2381,10165.539757999999,0.7799999999996317,0.0,0.0,0.0,0.0,0.0,373.54999499999997,0.0,0.0,0.0,1905.0,0.0,0.0,0.0,1987.29,240.15000000000003,0.0,1862.379922,1862.379922,1934.009919,0.0,0.0,0.0,0.0,0.0,0.0,0.0,0.0,0.0,0.0,0.0,0.0,0.0,0.0,0.0,0.0,0.0,0.0,0.0,0.0,0.0,0.0,0.0,0.0,0.0,0.0,0.0,0.0,0.0,10871.796663383777,10091.876736111113
2382,10143.129718999999,0.7799999999996317,0.0,0.0,0.0,0.0,0.0,367.05002,0.0,0.0,0.0,1884.150015,0.0,0.0,0.0,1958.89,237.15,0.0,1874.339896,1874.339896,1946.4298919999999,0.0,0.0,0.0,0.0,0.0,0.0,0.0,0.0,0.0,0.0,0.0,0.0,0.0,0.0,0.0,0.0,0.0,0.0,0.0,0.0,0.0,0.0,0.0,0.0,0.0,0.0,0.0,0.0,0.0,10820.317534856636,10091.876736111113
2383,10633.749845999997,0.7799999999996317,0.0,0.0,0.0,0.0,0.0,364.749985,0.0,0.0,0.0,1876.34994,0.0,0.0,0.0,1957.47,237.89999999999998,0.0,1849.6399740000002,1849.6399740000002,1920.7799730000002,31.88,544.56,0.0,0.0,0.0,0.0,0.0,0.0,0.0,0.0,0.0,0.0,0.0,0.0,0.0,0.0,0.0,0.0,0.0,0.0,0.0,0.0,0.0,0.0,0.0,0.0,0.0,0.0,0.0,10763.561921413911,10091.876736111113
2384,10470.559997999999,0.7799999999996317,0.0,0.0,0.0,0.0,0.0,358.75,0.0,0.0,0.0,1856.40003,0.0,0.0,0.0,1942.560071,233.85,0.0,1814.279974,1814.279974,1884.0599730000001,30.56,535.039976,0.0,0.0,0.0,0.0,0.0,0.0,0.0,0.0,0.0,0.0,0.0,0.0,0.0,0.0,0.0,0.0,0.0,0.0,0.0,0.0,0.0,0.0,0.0,0.0,0.0,0.0,0.0,10803.503331624346,10091.876736111113
2385,10207.189709999999,0.7799999999996317,0.0,0.0,0.0,0.0,0.0,356.399995,0.0,0.0,0.0,1803.300015,0.0,0.0,0.0,1929.0700000000002,229.35,0.0,1757.339896,1757.339896,1824.9298919999999,30.04,518.640016,0.0,0.0,0.0,0.0,0.0,0.0,0.0,0.0,0.0,0.0,0.0,0.0,0.0,0.0,0.0,0.0,0.0,0.0,0.0,0.0,0.0,0.0,0.0,0.0,0.0,0.0,0.0,10720.761364600901,10091.876736111113
2386,10198.030269999997,0.7799999999996317,0.0,0.0,0.0,0.0,0.0,358.899995,0.0,0.0,0.0,1787.25003,0.0,0.0,0.0,1930.490071,233.7,0.0,1758.900052,1758.900052,1826.550054,30.48,512.080016,0.0,0.0,0.0,0.0,0.0,0.0,0.0,0.0,0.0,0.0,0.0,0.0,0.0,0.0,0.0,0.0,0.0,0.0,0.0,0.0,0.0,0.0,0.0,0.0,0.0,0.0,0.0,10672.659041744824,10091.876736111113
2387,10509.590083999998,0.7799999999996317,0.0,0.0,0.0,0.0,0.0,361.74999,0.0,0.0,0.0,1819.350015,0.0,0.0,0.0,1936.8800709999998,237.15,0.0,1846.0,1846.0,1917.0,30.92,513.760008,0.0,0.0,0.0,0.0,0.0,0.0,0.0,0.0,0.0,0.0,0.0,0.0,0.0,0.0,0.0,0.0,0.0,0.0,0.0,0.0,0.0,0.0,0.0,0.0,0.0,0.0,0.0,10794.923475637077,10091.876736111113
2388,10538.599755999998,0.7799999999996317,0.0,0.0,0.0,0.0,0.0,360.099985,0.0,0.0,0.0,1812.3,0.0,0.0,0.0,1931.909929,239.55,0.0,1860.5599479999998,1860.5599479999998,1932.1199459999998,30.56,510.16,0.0,0.0,0.0,0.0,0.0,0.0,0.0,0.0,0.0,0.0,0.0,0.0,0.0,0.0,0.0,0.0,0.0,0.0,0.0,0.0,0.0,0.0,0.0,0.0,0.0,0.0,0.0,10791.101244803613,10091.876736111113
2389,10680.079902,0.7799999999996317,0.0,0.0,0.0,0.0,0.0,366.74999,0.0,0.0,0.0,1852.050015,0.0,0.0,0.0,1947.53,244.04999999999998,0.0,1879.279974,1879.279974,1951.5599730000001,31.76,527.039976,0.0,0.0,0.0,0.0,0.0,0.0,0.0,0.0,0.0,0.0,0.0,0.0,0.0,0.0,0.0,0.0,0.0,0.0,0.0,0.0,0.0,0.0,0.0,0.0,0.0,0.0,0.0,10839.37571798593,10091.876736111113
2390,10823.740081,0.7799999999996317,0.0,0.0,0.0,0.0,0.0,370.699995,0.0,0.0,0.0,1840.800015,0.0,0.0,0.0,1963.86,243.59999999999997,0.0,1916.720026,1916.720026,1990.4400269999999,31.0,549.119992,0.0,0.0,0.0,0.0,0.0,0.0,0.0,0.0,0.0,0.0,0.0,0.0,0.0,0.0,0.0,0.0,0.0,0.0,0.0,0.0,0.0,0.0,0.0,0.0,0.0,0.0,0.0,10972.364068876805,10091.876736111113
2391,10820.129642999998,0.7799999999996317,0.0,0.0,0.0,0.0,0.0,376.800005,0.0,0.0,0.0,1857.14997,0.0,0.0,0.0,1961.729929,243.59999999999997,0.0,1909.6999219999998,1909.6999219999998,1983.149919,31.92,545.599976,0.0,0.0,0.0,0.0,0.0,0.0,0.0,0.0,0.0,0.0,0.0,0.0,0.0,0.0,0.0,0.0,0.0,0.0,0.0,0.0,0.0,0.0,0.0,0.0,0.0,0.0,0.0,10985.209172076877,10138.131171151623
2392,10791.559932,0.7799999999996317,0.0,0.0,0.0,0.0,0.0,370.999985,0.0,0.0,0.0,1846.49997,0.0,0.0,0.0,1923.39,241.94998500000003,0.0,1919.3199999999997,1919.3199999999997,1993.1399999999999,31.04,545.119992,0.0,0.0,0.0,0.0,0.0,0.0,0.0,0.0,0.0,0.0,0.0,0.0,0.0,0.0,0.0,0.0,0.0,0.0,0.0,0.0,0.0,0.0,0.0,0.0,0.0,0.0,0.0,10963.586781435819,10138.131171151623
2393,10779.930019,0.7799999999996317,0.0,0.0,0.0,0.0,0.0,366.19999,0.0,0.0,0.0,1834.500045,0.0,0.0,0.0,1918.42,240.15000000000003,0.0,1924.0,1924.0,1998.0,30.52,543.359984,0.0,0.0,0.0,0.0,0.0,0.0,0.0,0.0,0.0,0.0,0.0,0.0,0.0,0.0,0.0,0.0,0.0,0.0,0.0,0.0,0.0,0.0,0.0,0.0,0.0,0.0,0.0,10876.727642022608,10138.131171151623
2394,10791.619884,0.7799999999996317,0.0,0.0,0.0,0.0,0.0,371.59999999999997,0.0,0.0,0.0,1868.84994,0.0,0.0,0.0,1908.479929,240.600015,0.0,1922.1800000000003,1922.1800000000003,1996.1100000000001,30.84,530.0,0.0,0.0,0.0,0.0,0.0,0.0,0.0,0.0,0.0,0.0,0.0,0.0,0.0,0.0,0.0,0.0,0.0,0.0,0.0,0.0,0.0,0.0,0.0,0.0,0.0,0.0,0.0,10845.564722411951,10138.131171151623
2395,10525.400098999999,0.7799999999996317,0.0,0.0,0.0,0.0,0.0,368.650015,0.0,0.0,0.0,1890.750045,0.0,0.0,0.0,1909.8999999999999,243.00001500000002,0.0,1820.0,1820.0,1890.0,31.36,550.960024,0.0,0.0,0.0,0.0,0.0,0.0,0.0,0.0,0.0,0.0,0.0,0.0,0.0,0.0,0.0,0.0,0.0,0.0,0.0,0.0,0.0,0.0,0.0,0.0,0.0,0.0,0.0,10871.648588560742,10138.131171151623
2396,10636.959869999999,0.7799999999996317,0.0,0.0,0.0,0.0,0.0,373.95000500000003,0.0,0.0,0.0,1923.75,0.0,0.0,0.0,1937.590071,246.75001500000002,0.0,1829.879922,1829.879922,1900.259919,32.04,562.080016,0.0,0.0,0.0,0.0,0.0,0.0,0.0,0.0,0.0,0.0,0.0,0.0,0.0,0.0,0.0,0.0,0.0,0.0,0.0,0.0,0.0,0.0,0.0,0.0,0.0,0.0,0.0,10944.94753918266,10138.131171151623
2397,10530.379796999998,0.7799999999996317,0.0,0.0,0.0,0.0,0.0,373.149985,0.0,0.0,0.0,1958.3999700000002,0.0,0.0,0.0,1948.950071,244.95,0.0,1779.6999219999998,1779.6999219999998,1848.149919,32.84,563.760008,0.0,0.0,0.0,0.0,0.0,0.0,0.0,0.0,0.0,0.0,0.0,0.0,0.0,0.0,0.0,0.0,0.0,0.0,0.0,0.0,0.0,0.0,0.0,0.0,0.0,0.0,0.0,11026.063099332254,10138.131171151623
2398,10686.310013999999,0.7799999999996317,0.0,0.0,0.0,0.0,0.0,380.90000000000003,0.0,0.0,0.0,1962.000045,0.0,0.0,0.0,1951.79,245.849985,0.0,1826.5,1826.5,1896.75,33.88,561.359984,0.0,0.0,0.0,0.0,0.0,0.0,0.0,0.0,0.0,0.0,0.0,0.0,0.0,0.0,0.0,0.0,0.0,0.0,0.0,0.0,0.0,0.0,0.0,0.0,0.0,0.0,0.0,11119.455546289453,10138.131171151623
2399,10699.519894000001,34.659999999999634,0.0,0.0,0.0,0.0,0.0,355.95001,0.0,0.0,0.0,1928.550105,0.0,0.0,0.0,1968.1199290000002,247.79999999999998,0.0,1843.9199480000002,1843.9199480000002,1914.8399460000003,0.0,561.760008,0.0,0.0,0.0,0.0,0.0,0.0,0.0,0.0,0.0,0.0,0.0,0.0,0.0,0.0,0.0,0.0,0.0,0.0,0.0,0.0,0.0,0.0,0.0,0.0,0.0,0.0,0.0,11108.064697171503,10138.131171151623
2400,10818.699791000001,282.45999999999964,0.0,0.0,0.0,0.0,0.0,352.350005,0.0,0.0,0.0,1953.300015,0.0,0.0,0.0,1970.25,0.0,0.0,1881.879922,1881.879922,1954.259919,0.0,542.320008,0.0,0.0,0.0,0.0,0.0,0.0,0.0,0.0,0.0,0.0,0.0,0.0,0.0,0.0,0.0,0.0,0.0,0.0,0.0,0.0,0.0,0.0,0.0,0.0,0.0,0.0,0.0,11150.890535111997,10138.131171151623
2401,10842.620131,248.57999999999961,0.0,0.0,0.0,0.0,0.0,358.499985,0.0,0.0,0.0,1996.9500750000002,0.0,0.0,0.0,1978.060071,0.0,0.0,1883.1800000000003,1883.1800000000003,1955.6100000000001,0.0,538.56,0.0,0.0,0.0,0.0,0.0,0.0,0.0,0.0,0.0,0.0,0.0,0.0,0.0,0.0,0.0,0.0,0.0,0.0,0.0,0.0,0.0,0.0,0.0,0.0,0.0,0.0,0.0,11230.254490840101,10138.131171151623
2402,10658.599823999999,0.7799999999996317,0.0,0.0,0.0,0.0,0.0,406.399995,0.0,0.0,0.0,1996.50009,0.0,0.0,0.0,1986.58,0.0,0.0,1890.1999219999998,1890.1999219999998,1962.899919,0.0,525.039976,0.0,0.0,0.0,0.0,0.0,0.0,0.0,0.0,0.0,0.0,0.0,0.0,0.0,0.0,0.0,0.0,0.0,0.0,0.0,0.0,0.0,0.0,0.0,0.0,0.0,0.0,0.0,11256.734425520612,10138.131171151623
2403,10302.050084000002,407.1799949999996,0.0,0.0,0.0,0.0,0.0,0.0,0.0,0.0,0.0,1986.900105,0.0,0.0,0.0,1976.64,0.0,0.0,1779.1800000000003,1779.1800000000003,1847.6100000000001,0.0,525.359984,0.0,0.0,0.0,0.0,0.0,0.0,0.0,0.0,0.0,0.0,0.0,0.0,0.0,0.0,0.0,0.0,0.0,0.0,0.0,0.0,0.0,0.0,0.0,0.0,0.0,0.0,0.0,11180.6738383987,10138.131171151623
2404,10790.260189,407.1799949999996,0.0,0.0,0.0,0.0,0.0,0.0,0.0,0.0,0.0,1961.55006,0.0,0.0,0.0,1957.47,0.0,0.0,1856.400052,1856.400052,1927.800054,0.0,545.599976,277.86,0.0,0.0,0.0,0.0,0.0,0.0,0.0,0.0,0.0,0.0,0.0,0.0,0.0,0.0,0.0,0.0,0.0,0.0,0.0,0.0,0.0,0.0,0.0,0.0,0.0,0.0,11184.297434619655,10138.131171151623
2405,10774.909723999997,0.7799999999996317,0.0,0.0,0.0,0.0,0.0,0.0,0.0,0.0,0.0,1926.449895,0.0,0.0,0.0,1951.08,0.0,0.0,1867.0599479999998,1867.0599479999998,1938.8699459999998,0.0,542.56,290.4,390.649987,0.0,0.0,0.0,0.0,0.0,0.0,0.0,0.0,0.0,0.0,0.0,0.0,0.0,0.0,0.0,0.0,0.0,0.0,0.0,0.0,0.0,0.0,0.0,0.0,0.0,11229.416611553324,10138.131171151623
2406,10841.270137999998,0.7799999999996317,0.0,0.0,0.0,0.0,0.0,0.0,0.0,0.0,0.0,1919.10003,0.0,0.0,0.0,1958.89,0.0,0.0,1886.0400260000001,1886.0400260000001,1958.5800270000002,0.0,552.640016,285.56,393.64001299999995,0.0,0.0,0.0,0.0,0.0,0.0,0.0,0.0,0.0,0.0,0.0,0.0,0.0,0.0,0.0,0.0,0.0,0.0,0.0,0.0,0.0,0.0,0.0,0.0,0.0,11261.023750702105,10138.131171151623
2407,10975.129734999999,0.7799999999996317,0.0,0.0,0.0,0.0,0.0,0.0,0.0,0.0,0.0,1892.25003,0.0,0.0,0.0,1949.659929,0.0,0.0,1935.6999219999998,1935.6999219999998,2010.149919,0.0,558.56,299.86,392.470013,0.0,0.0,0.0,0.0,0.0,0.0,0.0,0.0,0.0,0.0,0.0,0.0,0.0,0.0,0.0,0.0,0.0,0.0,0.0,0.0,0.0,0.0,0.0,0.0,0.0,11259.273349439405,10138.131171151623
2408,10548.050057999999,300.63999999999965,0.0,0.0,0.0,0.0,0.0,0.0,0.0,0.0,0.0,1898.55,0.0,0.0,0.0,1931.200071,0.0,0.0,1795.8199999999997,1795.8199999999997,1864.8899999999999,0.0,569.44,0.0,391.68998700000003,0.0,0.0,0.0,0.0,0.0,0.0,0.0,0.0,0.0,0.0,0.0,0.0,0.0,0.0,0.0,0.0,0.0,0.0,0.0,0.0,0.0,0.0,0.0,0.0,0.0,11186.936277424096,10138.131171151623
2409,10553.910247,300.63999999999965,0.0,0.0,0.0,0.0,0.0,0.0,0.0,0.0,0.0,1918.199955,0.0,0.0,0.0,1943.270071,0.0,0.0,1784.120078,1784.120078,1852.740081,0.0,575.359984,0.0,395.46000000000004,0.0,0.0,0.0,0.0,0.0,0.0,0.0,0.0,0.0,0.0,0.0,0.0,0.0,0.0,0.0,0.0,0.0,0.0,0.0,0.0,0.0,0.0,0.0,0.0,0.0,11297.439074794165,10138.131171151623
2410,10648.97,576.1399839999997,0.0,0.0,0.0,0.0,0.0,0.0,0.0,0.0,0.0,1927.6499250000002,0.0,0.0,0.0,1970.25,0.0,0.0,1796.8600259999998,1796.8600259999998,1865.9700269999998,0.0,0.0,0.0,398.970013,231.699996,84.570003,0.0,0.0,0.0,0.0,0.0,0.0,0.0,0.0,0.0,0.0,0.0,0.0,0.0,0.0,0.0,0.0,0.0,0.0,0.0,0.0,0.0,0.0,0.0,11314.031771069533,10138.131171151623
2411,10831.564061,576.1399839999997,0.0,0.0,0.0,0.0,0.0,0.0,0.0,0.0,0.0,1897.949985,0.0,0.0,0.0,1992.97,0.0,0.0,1853.5400260000001,1853.5400260000001,1924.8300270000002,0.0,0.0,0.0,411.970013,236.0,84.624,0.0,0.0,0.0,0.0,0.0,0.0,0.0,0.0,0.0,0.0,0.0,0.0,0.0,0.0,0.0,0.0,0.0,0.0,0.0,0.0,0.0,0.0,0.0,11283.878883537382,10184.597605686069
2412,10647.170059,2405.7200129999997,0.0,0.0,0.0,0.0,0.0,0.0,0.0,0.0,0.0,1872.74997,0.0,0.0,0.0,0.0,0.0,0.0,1808.0400260000001,1808.0400260000001,1877.5800270000002,0.0,0.0,0.0,0.0,235.759994,83.340003,555.9399999999999,0.0,0.0,0.0,0.0,0.0,0.0,0.0,0.0,0.0,0.0,0.0,0.0,0.0,0.0,0.0,0.0,0.0,0.0,0.0,0.0,0.0,0.0,11127.715177127448,10184.597605686069
2413,10353.909885,2405.7200129999997,0.0,0.0,0.0,0.0,0.0,0.0,0.0,0.0,0.0,1671.60003,0.0,0.0,0.0,0.0,0.0,0.0,1780.739948,1780.739948,1849.229946,0.0,0.0,0.0,0.0,239.86,83.28,542.74,0.0,0.0,0.0,0.0,0.0,0.0,0.0,0.0,0.0,0.0,0.0,0.0,0.0,0.0,0.0,0.0,0.0,0.0,0.0,0.0,0.0,0.0,11099.362049954172,10184.597605686069
2414,9825.709927,0.7799999999996317,0.0,0.0,0.0,0.0,0.0,0.0,0.0,0.0,0.0,1638.450045,0.0,0.0,0.0,0.0,0.0,0.0,1752.9199480000002,1752.9199480000002,1820.3399460000003,0.0,0.0,0.0,0.0,240.86,82.98,548.46,1988.00004,0.0,0.0,0.0,0.0,0.0,0.0,0.0,0.0,0.0,0.0,0.0,0.0,0.0,0.0,0.0,0.0,0.0,0.0,0.0,0.0,0.0,11040.534606940682,10184.597605686069
2415,10208.10011,0.7799999999996317,0.0,0.0,0.0,0.0,0.0,0.0,0.0,0.0,0.0,1687.050015,0.0,0.0,0.0,0.0,0.0,0.0,1717.0400260000001,1717.0400260000001,1783.0800270000002,0.0,0.0,0.0,0.0,243.5,83.55000000000001,547.3599780000001,1994.40004,384.559996,49.740002,0.0,0.0,0.0,0.0,0.0,0.0,0.0,0.0,0.0,0.0,0.0,0.0,0.0,0.0,0.0,0.0,0.0,0.0,0.0,11140.165414954585,10184.597605686069
2416,10002.760173,244.27999999999963,0.0,0.0,0.0,0.0,0.0,0.0,0.0,0.0,0.0,1680.750045,0.0,0.0,0.0,0.0,0.0,0.0,1664.260052,1664.260052,1728.270054,0.0,0.0,0.0,0.0,0.0,82.94999999999999,537.900022,1981.19996,370.799988,48.09,0.0,0.0,0.0,0.0,0.0,0.0,0.0,0.0,0.0,0.0,0.0,0.0,0.0,0.0,0.0,0.0,0.0,0.0,0.0,11093.17304552815,10184.597605686069
2417,10023.640184999998,244.27999999999963,0.0,0.0,0.0,0.0,0.0,0.0,0.0,0.0,0.0,1729.350015,0.0,0.0,0.0,0.0,0.0,0.0,1643.7200260000002,1643.7200260000002,1706.940027,0.0,0.0,0.0,0.0,0.0,82.11000299999999,555.5,1996.00008,373.040008,48.98,0.0,0.0,0.0,0.0,0.0,0.0,0.0,0.0,0.0,0.0,0.0,0.0,0.0,0.0,0.0,0.0,0.0,0.0,0.0,11015.091191090438,10184.597605686069
2418,9927.409727,0.7799999999996317,0.0,0.0,0.0,0.0,0.0,0.0,0.0,0.0,0.0,1702.949985,0.0,0.0,0.0,0.0,0.0,0.0,1685.839896,1685.839896,1750.6798919999999,0.0,0.0,0.0,0.0,0.0,82.77,558.3599780000001,2036.00008,376.28,47.91,0.0,0.0,0.0,0.0,0.0,0.0,0.0,0.0,0.0,0.0,0.0,0.0,0.0,0.0,0.0,0.0,0.0,0.0,0.0,11017.852827590434,10184.597605686069
2419,10122.870030999999,0.7799999999996317,0.0,0.0,0.0,0.0,0.0,0.0,0.0,0.0,0.0,1683.90003,0.0,0.0,0.0,0.0,0.0,0.0,1675.9599739999999,1675.9599739999999,1740.4199729999998,0.0,0.0,0.0,0.0,0.0,83.73,562.54,2036.00008,376.480012,47.849998,239.24999,0.0,0.0,0.0,0.0,0.0,0.0,0.0,0.0,0.0,0.0,0.0,0.0,0.0,0.0,0.0,0.0,0.0,0.0,11006.067115565045,10184.597605686069
2420,10117.710334,0.7799999999996317,0.0,0.0,0.0,0.0,0.0,0.0,0.0,0.0,0.0,1706.40003,0.0,0.0,0.0,0.0,0.0,0.0,1673.620078,1673.620078,1737.990081,0.0,0.0,0.0,0.0,0.0,85.620003,557.26,2021.6000399999998,377.920012,47.150002,235.75001,0.0,0.0,0.0,0.0,0.0,0.0,0.0,0.0,0.0,0.0,0.0,0.0,0.0,0.0,0.0,0.0,0.0,0.0,11069.357237245056,10184.597605686069
2421,9871.079785999998,0.7799999999996317,0.0,0.0,0.0,0.0,0.0,0.0,0.0,0.0,0.0,1673.99997,0.0,0.0,0.0,0.0,0.0,0.0,1612.2599480000001,1612.2599480000001,1674.2699460000001,0.0,0.0,0.0,0.0,0.0,83.73,548.900022,2011.19996,375.160004,46.419998,232.09999,0.0,0.0,0.0,0.0,0.0,0.0,0.0,0.0,0.0,0.0,0.0,0.0,0.0,0.0,0.0,0.0,0.0,0.0,10941.49609328794,10184.597605686069
2422,9849.259990000002,0.6600000000017712,0.0,0.0,0.0,0.0,0.0,0.0,0.0,0.0,0.0,1679.399985,0.0,0.0,0.0,0.0,0.0,0.0,1610.700026,1610.700026,1672.650027,0.0,0.0,0.0,0.0,0.0,84.03,545.160022,1980.39992,374.359984,46.77,233.85000000000002,10.58,0.0,0.0,0.0,0.0,0.0,0.0,0.0,0.0,0.0,0.0,0.0,0.0,0.0,0.0,0.0,0.0,0.0,10858.828766488154,10184.597605686069
2423,9785.299883000002,0.6600000000017712,0.0,0.0,0.0,0.0,0.0,0.0,0.0,0.0,0.0,1657.34997,0.0,0.0,0.0,0.0,0.0,0.0,1616.939974,1616.939974,1679.129973,0.0,0.0,0.0,0.0,0.0,82.47,536.579978,1942.8,372.320008,44.950001,224.750005,10.41,0.0,0.0,0.0,0.0,0.0,0.0,0.0,0.0,0.0,0.0,0.0,0.0,0.0,0.0,0.0,0.0,0.0,10775.075564227414,10184.597605686069
2424,9796.670113000004,0.6600000000017712,0.0,0.0,0.0,0.0,0.0,0.0,0.0,0.0,0.0,1641.899985,0.0,0.0,0.0,0.0,0.0,0.0,1627.080052,1627.080052,1689.660054,0.0,0.0,0.0,0.0,0.0,83.31,533.72,1928.3999600000002,376.640016,46.279999,231.399995,10.54,0.0,0.0,0.0,0.0,0.0,0.0,0.0,0.0,0.0,0.0,0.0,0.0,0.0,0.0,0.0,0.0,0.0,10773.473237787748,10184.597605686069
2425,9831.129991000003,0.6600000000017712,0.0,0.0,0.0,0.0,0.0,0.0,0.0,0.0,0.0,1619.84997,0.0,0.0,0.0,0.0,0.0,0.0,1647.3600259999998,1647.3600259999998,1710.7200269999998,0.0,0.0,0.0,0.0,0.0,83.76,526.900022,1933.99992,381.28,44.77,223.85000000000002,10.62,0.0,0.0,0.0,0.0,0.0,0.0,0.0,0.0,0.0,0.0,0.0,0.0,0.0,0.0,0.0,0.0,0.0,10847.585992193239,10184.597605686069
2426,9899.459911000004,0.6600000000017712,0.0,0.0,0.0,0.0,0.0,0.0,0.0,0.0,0.0,1649.84997,0.0,0.0,0.0,0.0,0.0,0.0,1661.1399740000002,1661.1399740000002,1725.0299730000002,0.0,0.0,0.0,0.0,0.0,84.24,528.0,1920.8000000000002,388.040008,44.990002,224.95001,10.62,0.0,0.0,0.0,0.0,0.0,0.0,0.0,0.0,0.0,0.0,0.0,0.0,0.0,0.0,0.0,0.0,0.0,10817.457182629782,10184.597605686069
2427,10014.660241000001,0.6600000000017712,0.0,0.0,0.0,0.0,0.0,0.0,0.0,0.0,0.0,1669.500045,0.0,0.0,0.0,0.0,0.0,0.0,1676.4800779999998,1676.4800779999998,1740.960081,0.0,0.0,0.0,0.0,0.0,85.13999700000001,544.9399999999999,1941.19996,388.320008,46.709999,233.54999500000002,10.72,0.0,0.0,0.0,0.0,0.0,0.0,0.0,0.0,0.0,0.0,0.0,0.0,0.0,0.0,0.0,0.0,0.0,10936.93469889456,10184.597605686069
2428,9922.759884000003,0.6600000000017712,0.0,0.0,0.0,0.0,0.0,0.0,0.0,0.0,0.0,1647.900015,0.0,0.0,0.0,0.0,0.0,0.0,1661.1399740000002,1661.1399740000002,1725.0299730000002,0.0,0.0,0.0,0.0,0.0,84.78,543.619978,1921.19996,382.640016,47.299999,236.499995,10.85,0.0,0.0,0.0,0.0,0.0,0.0,0.0,0.0,0.0,0.0,0.0,0.0,0.0,0.0,0.0,0.0,0.0,10789.745708913842,10184.597605686069
2429,9958.720129000001,0.6600000000017712,0.0,0.0,0.0,0.0,0.0,0.0,0.0,0.0,0.0,1641.60003,0.0,0.0,0.0,0.0,0.0,0.0,1672.5800519999998,1672.5800519999998,1736.9100539999997,0.0,0.0,0.0,0.0,0.0,86.909997,549.119978,1911.99996,385.480012,48.299999,241.499995,11.08,0.0,0.0,0.0,0.0,0.0,0.0,0.0,0.0,0.0,0.0,0.0,0.0,0.0,0.0,0.0,0.0,0.0,10862.230853286695,10184.597605686069
2430,9976.149769000003,0.6600000000017712,0.0,0.0,0.0,0.0,0.0,0.0,0.0,0.0,0.0,1647.59994,0.0,0.0,0.0,0.0,0.0,0.0,1665.5599479999998,1665.5599479999998,1729.6199459999998,0.0,0.0,0.0,0.0,0.0,86.429997,553.74,1929.1999999999998,395.119996,48.619999,243.099995,10.94,0.0,0.0,0.0,0.0,0.0,0.0,0.0,0.0,0.0,0.0,0.0,0.0,0.0,0.0,0.0,0.0,0.0,10930.27860012051,10184.597605686069
2431,10144.760053000002,0.6600000000017712,0.0,0.0,0.0,0.0,0.0,0.0,0.0,0.0,0.0,1675.499955,0.0,0.0,0.0,0.0,0.0,0.0,1699.3600259999998,1699.3600259999998,1764.7200269999998,0.0,0.0,0.0,0.0,0.0,87.330003,559.680022,1940.0,403.0,50.689999,253.449995,11.01,0.0,0.0,0.0,0.0,0.0,0.0,0.0,0.0,0.0,0.0,0.0,0.0,0.0,0.0,0.0,0.0,0.0,11088.858439219173,10184.597605686069
2432,10192.889792000004,254.10999500000176,0.0,0.0,0.0,0.0,0.0,0.0,0.0,0.0,0.0,1662.59994,0.0,0.0,0.0,0.0,0.0,0.0,1722.239948,1722.239948,1788.479946,0.0,0.0,0.0,0.0,0.0,87.149997,552.8599780000001,1944.40004,397.72,50.0,0.0,11.09,0.0,0.0,0.0,0.0,0.0,0.0,0.0,0.0,0.0,0.0,0.0,0.0,0.0,0.0,0.0,0.0,0.0,11131.364052010395,10184.597605686069
2433,10096.2899,254.10999500000176,0.0,0.0,0.0,0.0,0.0,0.0,0.0,0.0,0.0,1630.35003,0.0,0.0,0.0,0.0,0.0,0.0,1699.099948,1699.099948,1764.449946,0.0,0.0,0.0,0.0,0.0,87.69,544.9399999999999,1958.00004,397.959992,49.880001,0.0,10.71,0.0,0.0,0.0,0.0,0.0,0.0,0.0,0.0,0.0,0.0,0.0,0.0,0.0,0.0,0.0,0.0,0.0,11113.587970171493,10184.597605686069
2434,10182.029818000003,0.6600000000017712,0.0,0.0,0.0,0.0,0.0,0.0,0.0,0.0,0.0,1660.950045,0.0,0.0,0.0,0.0,0.0,0.0,1713.9199480000002,1713.9199480000002,1779.8399460000003,0.0,0.0,0.0,0.0,0.0,87.899997,540.319978,1981.19996,397.880004,49.099998,0.0,11.0,245.33999400000002,0.0,0.0,0.0,0.0,0.0,0.0,0.0,0.0,0.0,0.0,0.0,0.0,0.0,0.0,0.0,0.0,11133.582753245404,10231.277011378797
2435,10096.560175999999,0.6600000000017712,0.0,0.0,0.0,0.0,0.0,0.0,0.0,0.0,0.0,1600.04997,0.0,0.0,0.0,0.0,0.0,0.0,1722.760052,1722.760052,1789.020054,0.0,0.0,0.0,0.0,0.0,87.659997,533.28,1951.6000399999998,382.440004,48.380001,0.0,10.63,247.32000600000003,0.0,0.0,0.0,0.0,0.0,0.0,0.0,0.0,0.0,0.0,0.0,0.0,0.0,0.0,0.0,0.0,11086.88652853406,10231.277011378797
2436,9969.640042000003,0.6600000000017712,0.0,0.0,0.0,0.0,0.0,0.0,0.0,0.0,0.0,1608.450045,0.0,0.0,0.0,0.0,0.0,0.0,1684.279974,1684.279974,1749.0599730000001,0.0,0.0,0.0,0.0,0.0,87.38999700000001,525.8,1949.60008,375.480012,47.549999,0.0,10.49,246.599988,0.0,0.0,0.0,0.0,0.0,0.0,0.0,0.0,0.0,0.0,0.0,0.0,0.0,0.0,0.0,0.0,11009.59319675244,10231.277011378797
2437,9927.469905000004,0.6600000000017712,0.0,0.0,0.0,0.0,0.0,0.0,0.0,0.0,0.0,1553.99997,0.0,0.0,0.0,0.0,0.0,0.0,1703.0,1703.0,1768.5,0.0,0.0,0.0,0.0,0.0,88.080003,524.7,1906.79992,369.920012,47.52,0.0,10.37,250.92000000000002,0.0,0.0,0.0,0.0,0.0,0.0,0.0,0.0,0.0,0.0,0.0,0.0,0.0,0.0,0.0,0.0,10974.23846699385,10231.277011378797
2438,9971.509747000004,0.6600000000017712,0.0,0.0,0.0,0.0,0.0,0.0,0.0,0.0,0.0,1552.65003,0.0,0.0,0.0,0.0,0.0,0.0,1716.5199220000002,1716.5199220000002,1782.539919,0.0,0.0,0.0,0.0,0.0,88.19999999999999,531.3,1904.79996,366.959992,47.990002,0.0,10.29,253.07999999999998,0.0,0.0,0.0,0.0,0.0,0.0,0.0,0.0,0.0,0.0,0.0,0.0,0.0,0.0,0.0,0.0,10989.894563324598,10231.277011378797
2439,9888.689680000001,0.6600000000017712,0.0,0.0,0.0,0.0,0.0,0.0,0.0,0.0,0.0,1532.099985,0.0,0.0,0.0,0.0,0.0,0.0,1695.1999219999998,1695.1999219999998,1760.399919,0.0,0.0,0.0,0.0,0.0,87.929997,533.72,1906.79992,361.320008,48.720001,0.0,10.32,256.32000600000003,0.0,0.0,0.0,0.0,0.0,0.0,0.0,0.0,0.0,0.0,0.0,0.0,0.0,0.0,0.0,0.0,11063.784605148889,10231.277011378797
2440,9880.360351000001,0.6600000000017712,0.0,0.0,0.0,0.0,0.0,0.0,0.0,0.0,0.0,1533.75,0.0,0.0,0.0,0.0,0.0,0.0,1694.160104,1694.160104,1759.3201080000001,0.0,0.0,0.0,0.0,0.0,87.090003,538.339978,1905.20004,352.72,48.740002,0.0,10.74,255.480012,0.0,0.0,0.0,0.0,0.0,0.0,0.0,0.0,0.0,0.0,0.0,0.0,0.0,0.0,0.0,0.0,11000.766552680767,10231.277011378797
2441,9890.229974000002,0.6600000000017712,0.0,0.0,0.0,0.0,0.0,0.0,0.0,0.0,0.0,1506.29997,0.0,0.0,0.0,0.0,0.0,0.0,1702.220026,1702.220026,1767.6900269999999,0.0,0.0,0.0,0.0,0.0,86.61000299999999,546.7,1926.79992,334.839996,49.18,0.0,10.69,256.32000600000003,0.0,0.0,0.0,0.0,0.0,0.0,0.0,0.0,0.0,0.0,0.0,0.0,0.0,0.0,0.0,0.0,11014.42545966441,10231.277011378797
2442,10065.920011,0.6600000000017712,0.0,0.0,0.0,0.0,0.0,0.0,0.0,0.0,0.0,1566.749955,0.0,0.0,0.0,0.0,0.0,0.0,1729.0,1729.0,1795.5,0.0,0.0,0.0,0.0,0.0,87.899997,553.74,1932.40004,348.760008,50.439999,0.0,10.83,260.94001199999997,0.0,0.0,0.0,0.0,0.0,0.0,0.0,0.0,0.0,0.0,0.0,0.0,0.0,0.0,0.0,0.0,11107.27617451541,10231.277011378797
2443,9878.250206000002,261.60001200000175,0.0,0.0,0.0,0.0,0.0,0.0,0.0,0.0,0.0,1539.90006,0.0,0.0,0.0,0.0,0.0,0.0,1688.4400520000002,1688.4400520000002,1753.3800540000002,0.0,0.0,0.0,0.0,0.0,87.27,557.920022,1901.99996,337.559996,50.919998,0.0,10.82,0.0,0.0,0.0,0.0,0.0,0.0,0.0,0.0,0.0,0.0,0.0,0.0,0.0,0.0,0.0,0.0,0.0,10972.215994053771,10231.277011378797
2444,10003.209884000004,261.60001200000175,0.0,0.0,0.0,0.0,0.0,0.0,0.0,0.0,0.0,1527.14997,0.0,0.0,0.0,0.0,0.0,0.0,1703.0,1703.0,1768.5,0.0,0.0,0.0,0.0,0.0,87.44999999999999,549.339978,2006.79992,335.440004,50.07,0.0,10.86,0.0,0.0,0.0,0.0,0.0,0.0,0.0,0.0,0.0,0.0,0.0,0.0,0.0,0.0,0.0,0.0,0.0,10980.13011861501,10231.277011378797
2445,10118.199930000002,0.6600000000017712,0.0,0.0,0.0,0.0,0.0,0.0,0.0,0.0,0.0,1514.399985,0.0,0.0,0.0,0.0,0.0,0.0,1735.5,1735.5,1802.25,0.0,0.0,0.0,0.0,0.0,87.149997,549.78,2031.19996,333.079988,49.66,0.0,10.86,0.0,268.16,0.0,0.0,0.0,0.0,0.0,0.0,0.0,0.0,0.0,0.0,0.0,0.0,0.0,0.0,0.0,10956.511741785635,10231.277011378797
2446,10193.299798000002,0.6600000000017712,0.0,0.0,0.0,0.0,0.0,0.0,0.0,0.0,0.0,1529.249955,0.0,0.0,0.0,0.0,0.0,0.0,1785.4199480000002,1785.4199480000002,1854.0899460000003,0.0,0.0,0.0,0.0,0.0,86.669997,546.920022,1948.3999600000002,328.160004,48.900002,0.0,10.77,0.0,268.640016,0.0,0.0,0.0,0.0,0.0,0.0,0.0,0.0,0.0,0.0,0.0,0.0,0.0,0.0,0.0,10853.57756270005,10231.277011378797
2447,9949.600247999999,0.6600000000017712,0.0,0.0,0.0,0.0,0.0,0.0,0.0,0.0,0.0,1487.7,0.0,0.0,0.0,0.0,0.0,0.0,1751.620078,1751.620078,1818.990081,0.0,0.0,0.0,0.0,0.0,84.44999999999999,526.900022,1893.6000000000001,312.519988,47.860001,0.0,10.8,0.0,262.88,0.0,0.0,0.0,0.0,0.0,0.0,0.0,0.0,0.0,0.0,0.0,0.0,0.0,0.0,0.0,10675.568753067853,10231.277011378797
2448,9981.340071000002,0.6600000000017712,0.0,0.0,0.0,0.0,0.0,0.0,0.0,0.0,0.0,1478.55,0.0,0.0,0.0,0.0,0.0,0.0,1757.8600259999998,1757.8600259999998,1825.4700269999998,0.0,0.0,0.0,0.0,0.0,84.03,522.0600000000001,1933.6000000000001,306.399992,48.84,0.0,10.65,0.0,255.36,0.0,0.0,0.0,0.0,0.0,0.0,0.0,0.0,0.0,0.0,0.0,0.0,0.0,0.0,0.0,10651.061934696738,10231.277011378797
2449,10016.810234000004,0.6600000000017712,0.0,0.0,0.0,0.0,0.0,0.0,0.0,0.0,0.0,1463.84994,0.0,0.0,0.0,0.0,0.0,0.0,1788.8000780000002,1788.8000780000002,1857.600081,0.0,0.0,0.0,0.0,0.0,85.5,525.579978,1893.20008,294.0,48.439999,0.0,10.54,0.0,259.84,0.0,0.0,0.0,0.0,0.0,0.0,0.0,0.0,0.0,0.0,0.0,0.0,0.0,0.0,0.0,10693.911848140433,10231.277011378797
2450,9868.350209000002,0.6600000000017712,0.0,0.0,0.0,0.0,0.0,0.0,0.0,0.0,0.0,1449.90006,0.0,0.0,0.0,0.0,0.0,0.0,1762.5400260000001,1762.5400260000001,1830.3300270000002,0.0,0.0,0.0,0.0,0.0,84.53999999999999,511.72,1866.00008,289.079988,46.900002,0.0,10.38,0.0,253.76,0.0,0.0,0.0,0.0,0.0,0.0,0.0,0.0,0.0,0.0,0.0,0.0,0.0,0.0,0.0,10536.342041120273,10231.277011378797
2451,9908.909833,0.6600000000017712,0.0,0.0,0.0,0.0,0.0,0.0,0.0,0.0,0.0,1443.149985,0.0,0.0,0.0,0.0,0.0,0.0,1805.9599739999999,1805.9599739999999,1875.4199729999998,0.0,0.0,0.0,0.0,0.0,86.49,472.78,1823.99992,291.600008,37.459999,0.0,10.55,0.0,254.88,0.0,0.0,0.0,0.0,0.0,0.0,0.0,0.0,0.0,0.0,0.0,0.0,0.0,0.0,0.0,10538.758173809003,10231.277011378797
2452,9935.820299000003,0.6600000000017712,0.0,0.0,0.0,0.0,0.0,0.0,0.0,0.0,0.0,1503.75,0.0,0.0,0.0,0.0,0.0,0.0,1811.160104,1811.160104,1880.8201080000001,0.0,0.0,0.0,0.0,0.0,85.5,457.380022,1814.79996,291.28,30.540001,0.0,10.69,0.0,238.08,0.0,0.0,0.0,0.0,0.0,0.0,0.0,0.0,0.0,0.0,0.0,0.0,0.0,0.0,0.0,10600.86490745999,10231.277011378797
2453,9859.109964000001,0.6600000000017712,0.0,0.0,0.0,0.0,0.0,0.0,0.0,0.0,0.0,1509.449955,0.0,0.0,0.0,0.0,0.0,0.0,1779.9599739999999,1779.9599739999999,1848.4199729999998,0.0,0.0,0.0,0.0,0.0,84.120003,465.52,1819.60008,287.880004,29.700001,0.0,10.64,0.0,243.2,0.0,0.0,0.0,0.0,0.0,0.0,0.0,0.0,0.0,0.0,0.0,0.0,0.0,0.0,0.0,10572.140995347967,10231.277011378797
2454,9698.859970000001,0.6600000000017712,0.0,0.0,0.0,0.0,0.0,0.0,0.0,0.0,0.0,1486.800045,0.0,0.0,0.0,0.0,0.0,0.0,1769.5599479999998,1769.5599479999998,1837.6199459999998,0.0,0.0,0.0,0.0,0.0,84.090003,434.5,1776.00008,278.28,24.74,0.0,10.49,0.0,226.56,0.0,0.0,0.0,0.0,0.0,0.0,0.0,0.0,0.0,0.0,0.0,0.0,0.0,0.0,0.0,10572.980080259025,10278.170364347618
2455,9658.050034000002,0.6600000000017712,0.0,0.0,0.0,0.0,0.0,0.0,0.0,0.0,0.0,1429.049955,0.0,0.0,0.0,0.0,0.0,0.0,1794.0,1794.0,1863.0,0.0,0.0,0.0,0.0,0.0,82.53,423.72,1753.20008,267.72,23.139999,0.0,10.39,0.0,216.64,0.0,0.0,0.0,0.0,0.0,0.0,0.0,0.0,0.0,0.0,0.0,0.0,0.0,0.0,0.0,10427.664282771073,10278.170364347618
2456,9797.510208000002,0.6600000000017712,0.0,0.0,0.0,0.0,0.0,0.0,0.0,0.0,0.0,1445.400015,0.0,0.0,0.0,0.0,0.0,0.0,1824.9400520000002,1824.9400520000002,1895.1300540000002,0.0,0.0,0.0,0.0,0.0,83.01,423.94,1782.40004,273.119996,22.379999,0.0,10.39,0.0,211.2,0.0,0.0,0.0,0.0,0.0,0.0,0.0,0.0,0.0,0.0,0.0,0.0,0.0,0.0,0.0,10512.230085656596,10278.170364347618
2457,9490.940172000004,0.6600000000017712,0.0,0.0,0.0,0.0,0.0,0.0,0.0,0.0,0.0,1390.04997,0.0,0.0,0.0,0.0,0.0,0.0,1745.900052,1745.900052,1813.050054,0.0,0.0,0.0,0.0,0.0,83.01,412.72,1794.40004,271.880004,21.0,0.0,10.61,0.0,201.76,0.0,0.0,0.0,0.0,0.0,0.0,0.0,0.0,0.0,0.0,0.0,0.0,0.0,0.0,0.0,10498.521819576777,10278.170364347618
2458,9656.610361000003,0.6600000000017712,0.0,0.0,0.0,0.0,0.0,0.0,0.0,0.0,0.0,1409.399985,0.0,0.0,0.0,0.0,0.0,0.0,1785.160104,1785.160104,1853.8201080000001,0.0,0.0,0.0,0.0,0.0,85.320003,457.380022,1771.6000399999998,275.559996,22.549999,0.0,10.8,0.0,199.2,0.0,0.0,0.0,0.0,0.0,0.0,0.0,0.0,0.0,0.0,0.0,0.0,0.0,0.0,0.0,10622.560732700427,10278.170364347618
2459,9702.680145,0.6600000000017712,0.0,0.0,0.0,0.0,0.0,0.0,0.0,0.0,0.0,1412.85003,0.0,0.0,0.0,0.0,0.0,0.0,1797.900052,1797.900052,1867.050054,0.0,0.0,0.0,0.0,0.0,87.659997,460.24,1777.59996,266.28,20.58,0.0,11.08,0.0,202.88,0.0,0.0,0.0,0.0,0.0,0.0,0.0,0.0,0.0,0.0,0.0,0.0,0.0,0.0,0.0,10689.523807232077,10278.170364347618
2460,9813.359876,0.6600000000017712,0.0,0.0,0.0,0.0,0.0,0.0,0.0,0.0,0.0,1466.699985,0.0,0.0,0.0,0.0,0.0,0.0,1807.0,1807.0,1876.5,0.0,0.0,0.0,0.0,0.0,88.05000000000001,483.119978,1763.99992,279.239992,22.030001,0.0,11.06,0.0,208.0,0.0,0.0,0.0,0.0,0.0,0.0,0.0,0.0,0.0,0.0,0.0,0.0,0.0,0.0,0.0,10745.19474837264,10278.170364347618
2461,9751.710057,0.6600000000017712,0.0,0.0,0.0,0.0,0.0,0.0,0.0,0.0,0.0,1484.550015,0.0,0.0,0.0,0.0,0.0,0.0,1803.3600259999998,1803.3600259999998,1872.7200269999998,0.0,0.0,0.0,0.0,0.0,89.159997,485.09997799999996,1696.3999999999999,268.079988,23.01,0.0,11.07,0.0,214.24,0.0,0.0,0.0,0.0,0.0,0.0,0.0,0.0,0.0,0.0,0.0,0.0,0.0,0.0,0.0,10791.323957384817,10278.170364347618
2462,9513.220251000002,89.81999700000178,0.0,0.0,0.0,0.0,0.0,0.0,0.0,0.0,0.0,1429.049955,0.0,0.0,0.0,0.0,0.0,0.0,1756.3000780000002,1756.3000780000002,1823.850081,0.0,0.0,0.0,0.0,0.0,0.0,475.640022,1675.20004,266.0,21.4,0.0,10.86,0.0,208.8,0.0,0.0,0.0,0.0,0.0,0.0,0.0,0.0,0.0,0.0,0.0,0.0,0.0,0.0,0.0,10723.916660849549,10278.170364347618
2463,9515.740080000003,89.81999700000178,0.0,0.0,0.0,0.0,0.0,0.0,0.0,0.0,0.0,1397.7,0.0,0.0,0.0,0.0,0.0,0.0,1762.5400260000001,1762.5400260000001,1830.3300270000002,0.0,0.0,0.0,0.0,0.0,0.0,474.76,1699.1999999999998,255.160004,22.27,0.0,10.86,0.0,210.56,0.0,0.0,0.0,0.0,0.0,0.0,0.0,0.0,0.0,0.0,0.0,0.0,0.0,0.0,0.0,10670.094836698549,10278.170364347618
2464,9765.040202000002,0.6600000000017712,0.0,0.0,0.0,0.0,0.0,0.0,0.0,0.0,0.0,1439.700045,0.0,0.0,0.0,0.0,0.0,0.0,1820.260052,1820.260052,1890.270054,0.0,0.0,0.0,0.0,0.0,0.0,487.29999999999995,1717.2,261.72,22.209999,0.0,10.89,0.0,219.36,75.21000000000001,0.0,0.0,0.0,0.0,0.0,0.0,0.0,0.0,0.0,0.0,0.0,0.0,0.0,0.0,10783.137763611689,10278.170364347618
2465,9769.489923000003,0.6600000000017712,0.0,0.0,0.0,0.0,0.0,0.0,0.0,0.0,0.0,1444.049955,0.0,0.0,0.0,0.0,0.0,0.0,1801.279974,1801.279974,1870.5599730000001,0.0,0.0,0.0,0.0,0.0,0.0,484.22,1762.40004,275.160004,21.82,0.0,10.99,0.0,220.0,77.070003,0.0,0.0,0.0,0.0,0.0,0.0,0.0,0.0,0.0,0.0,0.0,0.0,0.0,0.0,10782.078372437009,10278.170364347618
2466,9654.570095000001,0.6600000000017712,0.0,0.0,0.0,0.0,0.0,0.0,0.0,0.0,0.0,1407.59994,0.0,0.0,0.0,0.0,0.0,0.0,1785.9400520000002,1785.9400520000002,1854.6300540000002,0.0,0.0,0.0,0.0,0.0,0.0,474.98,1750.8000000000002,265.0,22.75,0.0,10.97,0.0,221.92,73.379997,0.0,0.0,0.0,0.0,0.0,0.0,0.0,0.0,0.0,0.0,0.0,0.0,0.0,0.0,10637.600459166813,10278.170364347618
2467,8437.430009,0.6600000000017712,0.0,0.0,0.0,0.0,0.0,0.0,0.0,0.0,0.0,1367.54997,0.0,0.0,0.0,0.0,0.0,0.0,1452.880026,1452.880026,1508.760027,0.0,0.0,0.0,0.0,0.0,0.0,469.48,1591.19996,256.0,22.83,0.0,10.86,0.0,221.44,71.01,11.88,0.0,0.0,0.0,0.0,0.0,0.0,0.0,0.0,0.0,0.0,0.0,0.0,0.0,10547.363308458263,10278.170364347618
2468,8461.130084000002,0.44000000000170436,0.0,0.0,0.0,0.0,0.0,0.0,0.0,0.0,0.0,1377.45003,0.0,0.0,0.0,0.0,0.0,0.0,1478.880026,1478.880026,1535.760027,0.0,0.0,0.0,0.0,0.0,0.0,466.83997800000003,1539.1999999999998,244.64,22.4,0.0,10.72,0.0,221.28,69.659997,11.8,3.18,0.0,0.0,0.0,0.0,0.0,0.0,0.0,0.0,0.0,0.0,0.0,0.0,10414.621748117283,10278.170364347618
2469,8565.109854000002,0.44000000000170436,0.0,0.0,0.0,0.0,0.0,0.0,0.0,0.0,0.0,1360.499955,0.0,0.0,0.0,0.0,0.0,0.0,1524.119974,1524.119974,1582.739973,0.0,0.0,0.0,0.0,0.0,0.0,459.359978,1522.8,250.28,22.42,0.0,10.47,0.0,224.0,69.0,11.7,3.16,0.0,0.0,0.0,0.0,0.0,0.0,0.0,0.0,0.0,0.0,0.0,0.0,10397.067175700797,10278.170364347618
2470,8373.740162000002,0.44000000000170436,0.0,0.0,0.0,0.0,0.0,0.0,0.0,0.0,0.0,1368.149985,0.0,0.0,0.0,0.0,0.0,0.0,1453.400052,1453.400052,1509.300054,0.0,0.0,0.0,0.0,0.0,0.0,482.68002199999995,1510.8000000000002,243.36,25.77,0.0,10.61,0.0,232.48,68.399997,11.73,3.22,0.0,0.0,0.0,0.0,0.0,0.0,0.0,0.0,0.0,0.0,0.0,0.0,10472.610106219714,10278.170364347618
2471,8190.799904,0.44000000000170436,0.0,0.0,0.0,0.0,0.0,0.0,0.0,0.0,0.0,1329.75003,0.0,0.0,0.0,0.0,0.0,0.0,1417.7799739999998,1417.7799739999998,1472.309973,0.0,0.0,0.0,0.0,0.0,0.0,484.44,1477.59996,237.679992,25.950001,0.0,10.49,0.0,234.88,67.26,11.23,3.21,0.0,0.0,0.0,0.0,0.0,0.0,0.0,0.0,0.0,0.0,0.0,0.0,10322.4367671578,10278.170364347618
2472,8253.289817000003,0.44000000000170436,0.0,0.0,0.0,0.0,0.0,0.0,0.0,0.0,0.0,1328.84994,0.0,0.0,0.0,0.0,0.0,0.0,1433.119974,1433.119974,1488.239973,0.0,0.0,0.0,0.0,0.0,0.0,494.56,1471.99996,244.119996,27.93,0.0,10.37,0.0,238.4,67.5,11.4,3.24,0.0,0.0,0.0,0.0,0.0,0.0,0.0,0.0,0.0,0.0,0.0,0.0,10200.296327654398,10278.170364347618
2473,8026.079816000002,0.44000000000170436,0.0,0.0,0.0,0.0,0.0,0.0,0.0,0.0,0.0,1306.20003,0.0,0.0,0.0,0.0,0.0,0.0,1387.099948,1387.099948,1440.449946,0.0,0.0,0.0,0.0,0.0,0.0,474.09997799999996,1441.99996,236.600008,27.450001,0.0,10.14,0.0,236.0,64.169997,11.08,3.25,0.0,0.0,0.0,0.0,0.0,0.0,0.0,0.0,0.0,0.0,0.0,0.0,10151.33204754285,10278.170364347618
2474,8159.409865999999,0.44000000000170436,0.0,0.0,0.0,0.0,0.0,0.0,0.0,0.0,0.0,1340.400015,0.0,0.0,0.0,0.0,0.0,0.0,1404.7799739999998,1404.7799739999998,1458.809973,0.0,0.0,0.0,0.0,0.0,0.0,478.06,1480.39992,233.960008,27.129999,0.0,10.28,0.0,239.2,66.600003,11.28,3.29,0.0,0.0,0.0,0.0,0.0,0.0,0.0,0.0,0.0,0.0,0.0,0.0,10273.24977199956,10278.170364347618
2475,8195.719946000001,0.44000000000170436,0.0,0.0,0.0,0.0,0.0,0.0,0.0,0.0,0.0,1347.900015,0.0,0.0,0.0,0.0,0.0,0.0,1412.32,1412.32,1466.64,0.0,0.0,0.0,0.0,0.0,0.0,477.619978,1481.99996,237.759996,27.07,0.0,10.28,0.0,238.4,67.919997,11.74,3.31,0.0,0.0,0.0,0.0,0.0,0.0,0.0,0.0,0.0,0.0,0.0,0.0,10339.768626993084,10278.170364347618
2476,8056.060121000001,0.44000000000170436,0.0,0.0,0.0,0.0,0.0,0.0,0.0,0.0,0.0,1333.65006,0.0,0.0,0.0,0.0,0.0,0.0,1383.98,1383.98,1437.2099999999998,0.0,0.0,0.0,0.0,0.0,0.0,486.640022,1468.80004,195.92,27.209999,0.0,10.25,0.0,237.6,75.27,11.87,3.24,0.0,0.0,0.0,0.0,0.0,0.0,0.0,0.0,0.0,0.0,0.0,0.0,10448.398229404898,10325.278645184211
2477,8259.790128000004,0.44000000000170436,0.0,0.0,0.0,0.0,0.0,0.0,0.0,0.0,0.0,1237.200045,0.0,0.0,0.0,0.0,0.0,0.0,1455.48,1455.48,1511.4599999999998,0.0,0.0,0.0,0.0,0.0,0.0,500.94,1516.00008,197.92,29.07,0.0,10.52,0.0,248.0,81.570003,12.36,3.35,0.0,0.0,0.0,0.0,0.0,0.0,0.0,0.0,0.0,0.0,0.0,0.0,10645.439943504396,10325.278645184211
2478,8372.96011,85.3600030000017,0.0,0.0,0.0,0.0,0.0,0.0,0.0,0.0,0.0,1236.15006,0.0,0.0,0.0,0.0,0.0,0.0,1478.619974,1478.619974,1535.489973,0.0,0.0,0.0,0.0,0.0,0.0,503.140022,1529.60008,206.320008,27.66,0.0,10.55,0.0,268.640016,0.0,12.81,0.0,0.0,0.0,0.0,0.0,0.0,0.0,0.0,0.0,0.0,0.0,0.0,0.0,10745.440335763747,10325.278645184211
2479,8301.269936,98.1700030000017,0.0,0.0,0.0,0.0,0.0,0.0,0.0,0.0,0.0,1185.299955,0.0,0.0,0.0,0.0,0.0,0.0,1486.1599999999999,1486.1599999999999,1543.32,0.0,0.0,0.0,0.0,0.0,0.0,493.90002200000004,1515.59996,194.479996,26.25,0.0,10.49,0.0,261.44,0.0,0.0,0.0,0.0,0.0,0.0,0.0,0.0,0.0,0.0,0.0,0.0,0.0,0.0,0.0,10764.277009470627,10325.278645184211
2480,8286.200066000001,13.250000000001705,0.0,0.0,0.0,0.0,0.0,0.0,0.0,0.0,0.0,1227.000045,0.0,0.0,0.0,0.0,0.0,0.0,1481.48,1481.48,1538.4599999999998,0.0,0.0,0.0,0.0,0.0,0.0,498.96,1508.00004,197.759996,27.6,0.0,10.66,0.0,258.239984,0.0,0.0,0.0,43.310001,0.0,0.0,0.0,0.0,0.0,0.0,0.0,0.0,0.0,0.0,0.0,10794.84883787891,10325.278645184211
2481,8323.039903,0.44000000000170436,0.0,0.0,0.0,0.0,0.0,0.0,0.0,0.0,0.0,1188.75,0.0,0.0,0.0,0.0,0.0,0.0,1503.32,1503.32,1561.14,0.0,0.0,0.0,0.0,0.0,0.0,485.98,1496.79992,200.0,27.059999,0.0,10.57,0.0,259.519984,0.0,0.0,0.0,43.07,43.07,0.0,0.0,0.0,0.0,0.0,0.0,0.0,0.0,0.0,0.0,10805.696749266384,10325.278645184211
2482,8106.780112000001,0.44000000000170436,0.0,0.0,0.0,0.0,0.0,0.0,0.0,0.0,0.0,1147.5,0.0,0.0,0.0,0.0,0.0,0.0,1459.900052,1459.900052,1516.050054,0.0,0.0,0.0,0.0,0.0,0.0,476.74,1485.59996,190.399992,23.99,0.0,10.46,0.0,250.08,0.0,0.0,0.0,42.860001,42.860001,0.0,0.0,0.0,0.0,0.0,0.0,0.0,0.0,0.0,0.0,10718.34523437766,10325.278645184211
2483,8109.700045000003,0.44000000000170436,0.0,0.0,0.0,0.0,0.0,0.0,0.0,0.0,0.0,1146.749955,0.0,0.0,0.0,0.0,0.0,0.0,1477.060026,1477.060026,1533.870027,0.0,0.0,0.0,0.0,0.0,0.0,472.33997800000003,1432.40004,197.039992,23.610001,0.0,10.39,0.0,251.2,0.0,0.0,0.0,43.77,43.77,0.0,0.0,0.0,0.0,0.0,0.0,0.0,0.0,0.0,0.0,10885.727639579307,10325.278645184211
2484,8026.890025000001,0.44000000000170436,0.0,0.0,0.0,0.0,0.0,0.0,0.0,0.0,0.0,1140.299955,0.0,0.0,0.0,0.0,0.0,0.0,1458.080052,1458.080052,1514.160054,0.0,0.0,0.0,0.0,0.0,0.0,469.70000000000005,1420.39992,196.399992,22.73,0.0,10.46,0.0,248.64,0.0,0.0,0.0,43.75,43.75,0.0,0.0,0.0,0.0,0.0,0.0,0.0,0.0,0.0,0.0,10876.628926295745,10325.278645184211
2485,8361.660014000005,0.44000000000170436,0.0,0.0,0.0,0.0,0.0,0.0,0.0,0.0,0.0,1210.04997,0.0,0.0,0.0,0.0,0.0,0.0,1497.8600259999998,1497.8600259999998,1555.4700269999998,0.0,0.0,0.0,0.0,0.0,0.0,507.54,1485.59996,206.679992,24.379999,0.0,10.82,0.0,271.040016,0.0,0.0,0.0,46.959999,46.959999,0.0,0.0,0.0,0.0,0.0,0.0,0.0,0.0,0.0,0.0,11084.100814065372,10325.278645184211
2486,8460.310007000002,94.35999800000171,0.0,0.0,0.0,0.0,0.0,0.0,0.0,0.0,0.0,1271.09997,0.0,0.0,0.0,0.0,0.0,0.0,1504.3600259999998,1504.3600259999998,1562.2200269999998,0.0,0.0,0.0,0.0,0.0,0.0,504.24,1498.3999600000002,214.72,23.67,0.0,10.72,0.0,272.16,0.0,0.0,0.0,0.0,0.0,0.0,0.0,0.0,0.0,0.0,0.0,0.0,0.0,0.0,0.0,11101.802258146105,10325.278645184211
2487,8415.299837000004,94.35999800000171,0.0,0.0,0.0,0.0,0.0,0.0,0.0,0.0,0.0,1222.050015,0.0,0.0,0.0,0.0,0.0,0.0,1508.2599480000001,1508.2599480000001,1566.2699460000001,0.0,0.0,0.0,0.0,0.0,0.0,497.859978,1500.8000000000002,213.240004,23.09,0.0,10.55,0.0,270.56,0.0,0.0,0.0,0.0,0.0,0.0,0.0,0.0,0.0,0.0,0.0,0.0,0.0,0.0,0.0,11115.018146284921,10325.278645184211
2488,8327.499966000003,0.44000000000170436,0.0,0.0,0.0,0.0,0.0,0.0,0.0,0.0,0.0,1203.59997,0.0,0.0,0.0,0.0,0.0,0.0,1518.6599999999999,1518.6599999999999,1577.07,0.0,0.0,0.0,0.0,0.0,0.0,498.74,1490.8000000000002,213.479996,23.26,0.0,10.63,0.0,272.16,0.0,0.0,0.0,0.0,0.0,0.0,0.0,0.0,0.0,0.0,0.0,0.0,0.0,0.0,0.0,11129.268146936427,10325.278645184211
2489,8272.199879000002,0.44000000000170436,0.0,0.0,0.0,0.0,0.0,0.0,0.0,0.0,0.0,1181.549955,0.0,0.0,0.0,0.0,0.0,0.0,1508.7799739999998,1508.7799739999998,1566.809973,0.0,0.0,0.0,0.0,0.0,0.0,499.18002199999995,1477.2,219.759996,23.620001,0.0,10.72,0.0,275.359984,0.0,0.0,0.0,0.0,0.0,0.0,0.0,0.0,0.0,0.0,0.0,0.0,0.0,0.0,0.0,11211.516532860081,10325.278645184211
2490,8245.340049000002,0.44000000000170436,0.0,0.0,0.0,0.0,0.0,0.0,0.0,0.0,0.0,1157.099985,0.0,0.0,0.0,0.0,0.0,0.0,1488.5,1488.5,1545.75,0.0,0.0,0.0,0.0,0.0,0.0,499.83997800000003,1459.60008,226.520004,23.67,0.0,10.64,0.0,267.84,0.0,0.0,0.0,0.0,0.0,76.940002,0.0,0.0,0.0,0.0,0.0,0.0,0.0,0.0,0.0,11188.858829013036,10325.278645184211
2491,8414.189951000002,0.44000000000170436,0.0,0.0,0.0,0.0,0.0,0.0,0.0,0.0,0.0,1206.60003,0.0,0.0,0.0,0.0,0.0,0.0,1512.939974,1512.939974,1571.129973,0.0,0.0,0.0,0.0,0.0,0.0,506.0,1492.8,229.36,23.65,0.0,10.77,0.0,270.56,0.0,0.0,0.0,0.0,0.0,77.0,0.0,0.0,0.0,0.0,0.0,0.0,0.0,0.0,0.0,11234.29823109598,10325.278645184211
2492,8376.230141000004,0.44000000000170436,0.0,0.0,0.0,0.0,0.0,0.0,0.0,0.0,0.0,1157.099985,0.0,0.0,0.0,0.0,0.0,0.0,1516.580052,1516.580052,1574.910054,0.0,0.0,0.0,0.0,0.0,0.0,500.06,1499.1999999999998,228.72,23.51,0.0,10.97,0.0,270.88,0.0,0.0,0.0,0.0,0.0,77.279998,0.0,0.0,0.0,0.0,0.0,0.0,0.0,0.0,0.0,11241.003688966204,10325.278645184211
2493,8382.389909000003,0.44000000000170436,0.0,0.0,0.0,0.0,0.0,0.0,0.0,0.0,0.0,1127.999955,0.0,0.0,0.0,0.0,0.0,0.0,1528.799974,1528.799974,1587.599973,0.0,0.0,0.0,0.0,0.0,0.0,503.140022,1497.2,226.600008,23.200001,0.0,10.97,0.0,270.56,0.0,0.0,0.0,0.0,0.0,77.080002,0.0,0.0,0.0,0.0,0.0,0.0,0.0,0.0,0.0,11219.036997672669,10325.278645184211
2494,8411.749925000002,0.44000000000170436,0.0,0.0,0.0,0.0,0.0,0.0,0.0,0.0,0.0,1119.599985,0.0,0.0,0.0,0.0,0.0,0.0,1519.18,1519.18,1577.61,0.0,0.0,0.0,0.0,0.0,0.0,554.839978,1517.59996,218.36,22.98,0.0,10.98,0.0,274.72,0.0,0.0,0.0,0.0,0.0,76.260002,0.0,0.0,0.0,0.0,0.0,0.0,0.0,0.0,0.0,11230.032983883179,10325.278645184211
2495,8471.670151000004,0.44000000000170436,0.0,0.0,0.0,0.0,0.0,0.0,0.0,0.0,0.0,1105.2,0.0,0.0,0.0,0.0,0.0,0.0,1536.080052,1536.080052,1595.160054,0.0,0.0,0.0,0.0,0.0,0.0,555.5,1520.8000000000002,235.800004,23.370001,0.0,10.92,0.0,275.519984,0.0,0.0,0.0,0.0,0.0,76.800004,0.0,0.0,0.0,0.0,0.0,0.0,0.0,0.0,0.0,11219.406579452627,10325.278645184211
2496,8495.849913000002,0.44000000000170436,0.0,0.0,0.0,0.0,0.0,0.0,0.0,0.0,0.0,1093.50003,0.0,0.0,0.0,0.0,0.0,0.0,1546.48,1546.48,1605.9599999999998,0.0,0.0,0.0,0.0,0.0,0.0,549.339978,1523.99992,242.559996,23.540001,0.0,10.71,0.0,275.359984,0.0,0.0,0.0,0.0,0.0,77.480004,0.0,0.0,0.0,0.0,0.0,0.0,0.0,0.0,0.0,11261.861632454373,10325.278645184211
2497,8618.620083000003,0.44000000000170436,0.0,0.0,0.0,0.0,0.0,0.0,0.0,0.0,0.0,1162.949985,0.0,0.0,0.0,0.0,0.0,0.0,1537.900052,1537.900052,1597.050054,0.0,0.0,0.0,0.0,0.0,0.0,555.0600000000001,1568.3999600000002,252.479996,25.41,0.0,11.09,0.0,290.079984,0.0,0.0,0.0,0.0,0.0,79.86,0.0,0.0,0.0,0.0,0.0,0.0,0.0,0.0,0.0,11328.01090320245,10372.602838974639
2498,8685.159895000003,290.5199840000017,0.0,0.0,0.0,0.0,0.0,0.0,0.0,0.0,0.0,1156.49997,0.0,0.0,0.0,0.0,0.0,0.0,1554.02,1554.02,1613.7900000000002,0.0,0.0,0.0,0.0,0.0,0.0,554.839978,1588.3999600000002,257.440004,24.209999,0.0,11.06,0.0,0.0,0.0,0.0,0.0,0.0,0.0,80.36,0.0,0.0,0.0,0.0,0.0,0.0,0.0,0.0,0.0,11266.743251997028,10372.602838974639
2499,8561.350003000003,290.5199840000017,0.0,0.0,0.0,0.0,0.0,0.0,0.0,0.0,0.0,1095.299955,0.0,0.0,0.0,0.0,0.0,0.0,1529.32,1529.32,1588.14,0.0,0.0,0.0,0.0,0.0,0.0,551.98,1599.60008,262.519988,24.99,0.0,11.14,0.0,0.0,0.0,0.0,0.0,0.0,0.0,78.519996,0.0,0.0,0.0,0.0,0.0,0.0,0.0,0.0,0.0,11260.333943772874,10372.602838974639
2500,8285.1898,11.580000000001705,0.0,0.0,0.0,0.0,0.0,0.0,0.0,0.0,0.0,1113.300015,0.0,0.0,0.0,0.0,0.0,0.0,1530.099948,1530.099948,1588.949946,0.0,0.0,0.0,0.0,0.0,0.0,550.0,1597.59996,257.799988,26.559999,0.0,0.0,0.0,0.0,0.0,0.0,0.0,0.0,0.0,79.199996,0.0,0.0,0.0,0.0,0.0,0.0,0.0,0.0,0.0,11216.348795772052,10372.602838974639
2501,8451.420033000002,11.580000000001705,0.0,0.0,0.0,0.0,0.0,0.0,0.0,0.0,0.0,1164.90006,0.0,0.0,0.0,0.0,0.0,0.0,1569.880026,1569.880026,1630.260027,0.0,0.0,0.0,0.0,0.0,0.0,549.119978,1590.39992,259.28,26.1,0.0,0.0,0.0,0.0,0.0,0.0,0.0,0.0,0.0,80.019996,0.0,0.0,0.0,0.0,0.0,0.0,0.0,0.0,0.0,11305.722783600853,10372.602838974639
2502,8597.089855000002,0.44000000000170436,0.0,0.0,0.0,0.0,0.0,0.0,0.0,0.0,0.0,1213.199955,0.0,0.0,0.0,0.0,0.0,0.0,1592.7599480000001,1592.7599480000001,1654.0199460000001,0.0,0.0,0.0,0.0,0.0,0.0,547.3599780000001,1623.20008,265.72,25.99,0.0,0.0,0.0,0.0,0.0,0.0,0.0,0.0,0.0,81.64,0.0,0.0,0.0,0.0,0.0,0.0,0.0,0.0,0.0,11352.025346098057,10372.602838974639
2503,8581.489937999999,82.0800000000017,0.0,0.0,0.0,0.0,0.0,0.0,0.0,0.0,0.0,1221.00003,0.0,0.0,0.0,0.0,0.0,0.0,1593.2799739999998,1593.2799739999998,1654.559973,0.0,0.0,0.0,0.0,0.0,0.0,547.8,1593.6000000000001,269.079988,26.809999,0.0,0.0,0.0,0.0,0.0,0.0,0.0,0.0,0.0,0.0,0.0,0.0,0.0,0.0,0.0,0.0,0.0,0.0,0.0,11396.576304173766,10372.602838974639
2504,8569.739933000004,82.0800000000017,0.0,0.0,0.0,0.0,0.0,0.0,0.0,0.0,0.0,1202.7,0.0,0.0,0.0,0.0,0.0,0.0,1601.3400000000001,1601.3400000000001,1662.93,0.0,0.0,0.0,0.0,0.0,0.0,540.319978,1581.99996,270.559996,26.469999,0.0,0.0,0.0,0.0,0.0,0.0,0.0,0.0,0.0,0.0,0.0,0.0,0.0,0.0,0.0,0.0,0.0,0.0,0.0,11448.993233338822,10372.602838974639
2505,8799.269985000003,0.44000000000170436,0.0,0.0,0.0,0.0,0.0,0.0,0.0,0.0,0.0,1251.899985,0.0,0.0,0.0,0.0,0.0,0.0,1661.6599999999999,1661.6599999999999,1725.57,0.0,0.0,0.0,0.0,0.0,0.0,574.2,1610.0,285.0,28.84,0.0,0.0,0.0,0.0,0.0,0.0,0.0,0.0,0.0,0.0,0.0,0.0,0.0,0.0,0.0,0.0,0.0,0.0,0.0,11605.279735909802,10372.602838974639
2506,9037.450119000003,0.44000000000170436,0.0,0.0,0.0,0.0,0.0,0.0,0.0,0.0,0.0,1372.200045,0.0,0.0,0.0,0.0,0.0,0.0,1684.5400260000001,1684.5400260000001,1749.3300270000002,0.0,0.0,0.0,0.0,0.0,0.0,586.52,1627.2,302.119996,30.559999,0.0,0.0,0.0,0.0,0.0,0.0,0.0,0.0,0.0,0.0,0.0,0.0,0.0,0.0,0.0,0.0,0.0,0.0,0.0,11635.99963667563,10372.602838974639
2507,8861.390089,586.9600000000017,0.0,0.0,0.0,0.0,0.0,0.0,0.0,0.0,0.0,1316.850015,0.0,0.0,0.0,0.0,0.0,0.0,1657.2400519999999,1657.2400519999999,1720.9800539999999,0.0,0.0,0.0,0.0,0.0,0.0,0.0,1600.39992,291.559996,30.16,0.0,0.0,0.0,0.0,0.0,0.0,0.0,0.0,0.0,0.0,0.0,0.0,0.0,0.0,0.0,0.0,0.0,0.0,0.0,11635.11239582719,10372.602838974639
2508,8805.419935000002,586.9600000000017,0.0,0.0,0.0,0.0,0.0,0.0,0.0,0.0,0.0,1281.29997,0.0,0.0,0.0,0.0,0.0,0.0,1654.6399740000002,1654.6399740000002,1718.2799730000002,0.0,0.0,0.0,0.0,0.0,0.0,0.0,1594.40004,285.440004,29.76,0.0,0.0,0.0,0.0,0.0,0.0,0.0,0.0,0.0,0.0,0.0,0.0,0.0,0.0,0.0,0.0,0.0,0.0,0.0,11687.800193510833,10372.602838974639
2509,8383.759953,0.44000000000170436,0.0,0.0,0.0,0.0,0.0,0.0,0.0,0.0,0.0,1318.95,0.0,0.0,0.0,0.0,0.0,0.0,1688.9599739999999,1688.9599739999999,1753.9199729999998,0.0,0.0,0.0,0.0,0.0,0.0,0.0,1608.00004,293.959992,30.57,0.0,0.0,0.0,0.0,0.0,0.0,0.0,0.0,0.0,0.0,0.0,0.0,0.0,0.0,0.0,0.0,0.0,0.0,0.0,11756.365594482151,10372.602838974639
2510,8143.529932000002,0.44000000000170436,0.0,0.0,0.0,0.0,0.0,0.0,0.0,0.0,0.0,1256.850015,0.0,0.0,0.0,0.0,0.0,0.0,1643.459974,1643.459974,1706.669973,0.0,0.0,0.0,0.0,0.0,0.0,0.0,1580.8000000000002,282.119996,29.73,0.0,0.0,0.0,0.0,0.0,0.0,0.0,0.0,0.0,0.0,0.0,0.0,0.0,0.0,0.0,0.0,0.0,0.0,0.0,11583.731985492399,10372.602838974639
2511,8298.510038000002,0.44000000000170436,0.0,0.0,0.0,0.0,0.0,0.0,0.0,0.0,0.0,1319.10003,0.0,0.0,0.0,0.0,0.0,0.0,1658.02,1658.02,1721.7900000000002,0.0,0.0,0.0,0.0,0.0,0.0,0.0,1620.8000000000002,289.760008,30.58,0.0,0.0,0.0,0.0,0.0,0.0,0.0,0.0,0.0,0.0,0.0,0.0,0.0,0.0,0.0,0.0,0.0,0.0,0.0,11703.061426934142,10372.602838974639
2512,8325.500093000002,0.44000000000170436,0.0,0.0,0.0,0.0,0.0,0.0,0.0,0.0,0.0,1323.90003,0.0,0.0,0.0,0.0,0.0,0.0,1662.700026,1662.700026,1726.650027,0.0,0.0,0.0,0.0,0.0,0.0,0.0,1626.3999999999999,292.359984,30.35,0.0,0.0,0.0,0.0,0.0,0.0,0.0,0.0,0.0,0.0,0.0,0.0,0.0,0.0,0.0,0.0,0.0,0.0,0.0,11722.489194308882,10372.602838974639
2513,8364.110017000005,0.44000000000170436,0.0,0.0,0.0,0.0,0.0,0.0,0.0,0.0,0.0,1315.649985,0.0,0.0,0.0,0.0,0.0,0.0,1668.6800000000003,1668.6800000000003,1732.8600000000001,0.0,0.0,0.0,0.0,0.0,0.0,0.0,1648.80004,298.399992,30.6,0.0,0.0,0.0,0.0,0.0,0.0,0.0,0.0,0.0,0.0,0.0,0.0,0.0,0.0,0.0,0.0,0.0,0.0,0.0,11772.095127877768,10372.602838974639
2514,8309.010030000001,0.44000000000170436,0.0,0.0,0.0,0.0,0.0,0.0,0.0,0.0,0.0,1308.149985,0.0,0.0,0.0,0.0,0.0,0.0,1657.5,1657.5,1721.25,0.0,0.0,0.0,0.0,0.0,0.0,0.0,1635.20004,298.440004,30.530001,0.0,0.0,0.0,0.0,0.0,0.0,0.0,0.0,0.0,0.0,0.0,0.0,0.0,0.0,0.0,0.0,0.0,0.0,0.0,11788.934612237541,10372.602838974639
2515,8301.599982000003,0.44000000000170436,0.0,0.0,0.0,0.0,0.0,0.0,0.0,0.0,0.0,1296.45,0.0,0.0,0.0,0.0,0.0,0.0,1652.560026,1652.560026,1716.120027,0.0,0.0,0.0,0.0,0.0,0.0,0.0,1650.39992,302.359984,30.709999,0.0,0.0,0.0,0.0,0.0,0.0,0.0,0.0,0.0,0.0,0.0,0.0,0.0,0.0,0.0,0.0,0.0,0.0,0.0,11793.298577642692,10372.602838974639
2516,8246.280068000002,0.44000000000170436,0.0,0.0,0.0,0.0,0.0,0.0,0.0,0.0,0.0,1273.349985,0.0,0.0,0.0,0.0,0.0,0.0,1643.200026,1643.200026,1706.400027,0.0,0.0,0.0,0.0,0.0,0.0,0.0,1646.3999999999999,302.880004,30.41,0.0,0.0,0.0,0.0,0.0,0.0,0.0,0.0,0.0,0.0,0.0,0.0,0.0,0.0,0.0,0.0,0.0,0.0,0.0,11759.965112734411,10372.602838974639
2517,8165.580202000001,0.44000000000170436,0.0,0.0,0.0,0.0,0.0,0.0,0.0,0.0,0.0,1327.65003,0.0,0.0,0.0,0.0,0.0,0.0,1608.3600259999998,1608.3600259999998,1670.2200269999998,0.0,0.0,0.0,0.0,0.0,0.0,0.0,1623.20008,296.480012,30.870001,0.0,0.0,0.0,0.0,0.0,0.0,0.0,0.0,0.0,0.0,0.0,0.0,0.0,0.0,0.0,0.0,0.0,0.0,0.0,11693.396901110202,10420.14393531994
2518,8814.159972000001,0.44000000000170436,0.0,0.0,0.0,0.0,0.0,0.0,0.0,0.0,0.0,1269.449955,0.0,0.0,0.0,0.0,0.0,0.0,1588.8600259999998,1588.8600259999998,1649.9700269999998,0.0,0.0,0.0,0.0,0.0,0.0,0.0,1570.39992,282.040008,29.99,0.0,0.0,0.0,0.0,0.0,0.0,0.0,0.0,0.0,0.0,834.1500100000001,0.0,0.0,0.0,0.0,0.0,0.0,0.0,0.0,11599.65895034174,10420.14393531994
2519,9027.049888000003,0.44000000000170436,0.0,0.0,0.0,0.0,0.0,0.0,0.0,0.0,0.0,1277.999955,0.0,0.0,0.0,0.0,0.0,0.0,1599.52,1599.52,1661.0400000000002,0.0,0.0,0.0,0.0,0.0,0.0,0.0,1588.3999600000002,279.600008,29.32,0.0,0.0,0.0,0.0,0.0,0.0,0.0,0.0,0.0,0.0,828.949965,162.26,0.0,0.0,0.0,0.0,0.0,0.0,0.0,11559.89089608182,10420.14393531994
2520,8989.439816000002,0.44000000000170436,0.0,0.0,0.0,0.0,0.0,0.0,0.0,0.0,0.0,1292.099985,0.0,0.0,0.0,0.0,0.0,0.0,1599.2599480000001,1599.2599480000001,1660.7699460000001,0.0,0.0,0.0,0.0,0.0,0.0,0.0,1541.99996,281.239992,29.59,0.0,0.0,0.0,0.0,0.0,0.0,0.0,0.0,0.0,0.0,821.75003,163.030007,0.0,0.0,0.0,0.0,0.0,0.0,0.0,11580.995627654396,10420.14393531994
2521,9217.209926000003,0.44000000000170436,0.0,0.0,0.0,0.0,0.0,0.0,0.0,0.0,0.0,1327.5,0.0,0.0,0.0,0.0,0.0,0.0,1644.5,1644.5,1707.75,0.0,0.0,0.0,0.0,0.0,0.0,0.0,1570.39992,287.28,30.610001,0.0,0.0,0.0,0.0,0.0,0.0,0.0,0.0,0.0,0.0,838.050005,166.17999999999998,0.0,0.0,0.0,0.0,0.0,0.0,0.0,11744.457088761208,10420.14393531994
2522,9211.780012000001,0.44000000000170436,0.0,0.0,0.0,0.0,0.0,0.0,0.0,0.0,0.0,1298.99997,0.0,0.0,0.0,0.0,0.0,0.0,1646.060026,1646.060026,1709.370027,0.0,0.0,0.0,0.0,0.0,0.0,0.0,1556.79992,286.600008,30.08,0.0,0.0,0.0,0.0,0.0,0.0,0.0,0.0,0.0,0.0,871.050035,166.32000000000002,0.0,0.0,0.0,0.0,0.0,0.0,0.0,11727.09994779844,10420.14393531994
2523,9245.259846000003,0.44000000000170436,0.0,0.0,0.0,0.0,0.0,0.0,0.0,0.0,0.0,1307.999955,0.0,0.0,0.0,0.0,0.0,0.0,1645.2799739999998,1645.2799739999998,1708.559973,0.0,0.0,0.0,0.0,0.0,0.0,0.0,1564.79996,299.0,29.51,0.0,0.0,0.0,0.0,0.0,0.0,0.0,0.0,0.0,0.0,882.20001,162.19,0.0,0.0,0.0,0.0,0.0,0.0,0.0,11793.5453657271,10420.14393531994
2524,9325.389797,882.6400100000018,0.0,0.0,0.0,0.0,0.0,0.0,0.0,0.0,0.0,1293.75,0.0,0.0,0.0,0.0,0.0,0.0,1684.0199220000002,1684.0199220000002,1748.789919,0.0,0.0,0.0,0.0,0.0,0.0,0.0,1546.3999999999999,291.640016,28.860001,0.0,0.0,0.0,0.0,0.0,0.0,0.0,0.0,0.0,0.0,0.0,165.270007,0.0,0.0,0.0,0.0,0.0,0.0,0.0,11785.631241165858,10420.14393531994
2525,9367.430046000001,882.6400100000018,0.0,0.0,0.0,0.0,0.0,0.0,0.0,0.0,0.0,1259.84997,0.0,0.0,0.0,0.0,0.0,0.0,1715.220026,1715.220026,1781.1900269999999,0.0,0.0,0.0,0.0,0.0,0.0,0.0,1533.6000000000001,287.519988,28.879999,0.0,0.0,0.0,0.0,0.0,0.0,0.0,0.0,0.0,0.0,0.0,163.31,0.0,0.0,0.0,0.0,0.0,0.0,0.0,11794.481963206224,10420.14393531994
2526,9301.970116000004,0.44000000000170436,0.0,0.0,0.0,0.0,0.0,0.0,0.0,0.0,0.0,1253.70003,0.0,0.0,0.0,0.0,0.0,0.0,1713.400052,1713.400052,1779.300054,0.0,0.0,0.0,0.0,0.0,0.0,0.0,1513.99992,276.600008,27.83,0.0,0.0,0.0,0.0,0.0,0.0,0.0,0.0,0.0,0.0,0.0,159.17999999999998,864.1199999999999,0.0,0.0,0.0,0.0,0.0,0.0,11750.47273723671,10420.14393531994
2527,9147.959778000002,0.44000000000170436,0.0,0.0,0.0,0.0,0.0,0.0,0.0,0.0,0.0,1226.850015,0.0,0.0,0.0,0.0,0.0,0.0,1688.6999219999998,1688.6999219999998,1753.649919,0.0,0.0,0.0,0.0,0.0,0.0,0.0,1488.00004,265.160004,26.700001,0.0,0.0,0.0,0.0,0.0,0.0,0.0,0.0,0.0,0.0,0.0,154.90999300000001,840.939962,13.91,0.0,0.0,0.0,0.0,0.0,11684.471541311666,10420.14393531994
2528,9069.799875000002,0.44000000000170436,0.0,0.0,0.0,0.0,0.0,0.0,0.0,0.0,0.0,1246.800045,0.0,0.0,0.0,0.0,0.0,0.0,1636.439974,1636.439974,1699.379973,0.0,0.0,0.0,0.0,0.0,0.0,0.0,1523.99992,273.799988,26.620001,0.0,0.0,0.0,0.0,0.0,0.0,0.0,0.0,0.0,0.0,0.0,157.42999999999998,854.6199999999999,13.83,0.0,0.0,0.0,0.0,0.0,11787.356361301077,10420.14393531994
2529,9417.739950000001,0.44000000000170436,0.0,0.0,0.0,0.0,0.0,0.0,0.0,0.0,0.0,1242.45003,0.0,0.0,0.0,0.0,0.0,0.0,1763.3199999999997,1763.3199999999997,1831.1399999999999,0.0,0.0,0.0,0.0,0.0,0.0,0.0,1490.39992,252.64,26.09,0.0,0.0,0.0,0.0,0.0,0.0,0.0,0.0,0.0,0.0,0.0,160.86,873.24,13.84,0.0,0.0,0.0,0.0,0.0,11932.500008462792,10420.14393531994
2530,9751.339992000003,0.44000000000170436,0.0,0.0,0.0,0.0,0.0,0.0,0.0,0.0,0.0,1248.149985,0.0,0.0,0.0,0.0,0.0,0.0,1860.8199999999997,1860.8199999999997,1932.3899999999999,0.0,0.0,0.0,0.0,0.0,0.0,0.0,1506.3999999999999,258.760008,26.969999,0.0,0.0,0.0,0.0,0.0,0.0,0.0,0.0,0.0,0.0,0.0,162.19,880.46,13.94,0.0,0.0,0.0,0.0,0.0,11958.68379349723,10420.14393531994
2531,9623.139819000002,0.44000000000170436,0.0,0.0,0.0,0.0,0.0,0.0,0.0,0.0,0.0,1274.249955,0.0,0.0,0.0,0.0,0.0,0.0,1812.1999219999998,1812.1999219999998,1881.899919,0.0,0.0,0.0,0.0,0.0,0.0,0.0,1501.6000399999998,258.640016,27.85,0.0,0.0,0.0,0.0,0.0,0.0,0.0,0.0,0.0,0.0,0.0,161.770007,878.180038,14.11,0.0,0.0,0.0,0.0,0.0,11993.619584845177,10420.14393531994
2532,9470.789961000002,0.44000000000170436,0.0,0.0,0.0,0.0,0.0,0.0,0.0,0.0,0.0,1275.0,0.0,0.0,0.0,0.0,0.0,0.0,1779.1800000000003,1779.1800000000003,1847.6100000000001,0.0,0.0,0.0,0.0,0.0,0.0,0.0,1456.79992,255.119996,26.82,0.0,0.0,0.0,0.0,0.0,0.0,0.0,0.0,0.0,0.0,0.0,161.210007,875.140038,14.29,0.0,0.0,0.0,0.0,0.0,12003.357545268496,10420.14393531994
2533,9545.289929,0.44000000000170436,0.0,0.0,0.0,0.0,0.0,0.0,0.0,0.0,0.0,1316.850015,0.0,0.0,0.0,0.0,0.0,0.0,1786.4599739999999,1786.4599739999999,1855.1699729999998,0.0,0.0,0.0,0.0,0.0,0.0,0.0,1450.0,260.959992,29.200001,0.0,0.0,0.0,0.0,0.0,0.0,0.0,0.0,0.0,0.0,0.0,162.61,882.74,14.4,0.0,0.0,0.0,0.0,0.0,12066.499592125472,10420.14393531994
2534,9676.520017000004,0.44000000000170436,0.0,0.0,0.0,0.0,0.0,0.0,0.0,0.0,0.0,1312.65003,0.0,0.0,0.0,0.0,0.0,0.0,1831.1800000000003,1831.1800000000003,1901.6100000000001,0.0,0.0,0.0,0.0,0.0,0.0,0.0,1460.8000000000002,259.799988,28.809999,0.0,0.0,0.0,0.0,0.0,0.0,0.0,0.0,0.0,0.0,0.0,161.07000000000002,874.3800000000001,14.6,0.0,0.0,0.0,0.0,0.0,12058.634826660407,10420.14393531994
2535,9710.529795,0.44000000000170436,0.0,0.0,0.0,0.0,0.0,0.0,0.0,0.0,0.0,1300.2,0.0,0.0,0.0,0.0,0.0,0.0,1838.4599739999999,1838.4599739999999,1909.1699729999998,0.0,0.0,0.0,0.0,0.0,0.0,0.0,1473.99992,268.0,30.059999,0.0,0.0,0.0,0.0,0.0,0.0,0.0,0.0,0.0,0.0,0.0,161.34999299999998,875.899962,14.49,0.0,0.0,0.0,0.0,0.0,12149.75921575191,10420.14393531994
2536,9666.60993,0.44000000000170436,0.0,0.0,0.0,0.0,0.0,0.0,0.0,0.0,0.0,1283.99997,0.0,0.0,0.0,0.0,0.0,0.0,1819.739948,1819.739948,1889.729946,0.0,0.0,0.0,0.0,0.0,0.0,0.0,1459.60008,267.239992,30.040001,0.0,0.0,0.0,0.0,0.0,0.0,0.0,0.0,0.0,0.0,0.0,168.210007,913.140038,14.73,0.0,0.0,0.0,0.0,0.0,12142.461463520525,10420.14393531994
2537,9574.419777000001,928.3100380000018,0.0,0.0,0.0,0.0,0.0,0.0,0.0,0.0,0.0,1258.349985,0.0,0.0,0.0,0.0,0.0,0.0,1803.099948,1803.099948,1872.449946,0.0,0.0,0.0,0.0,0.0,0.0,0.0,1450.39992,262.679992,29.85,0.0,0.0,0.0,0.0,0.0,0.0,0.0,0.0,0.0,0.0,0.0,166.17999999999998,0.0,0.0,0.0,0.0,0.0,0.0,0.0,11946.898079006354,10420.14393531994
2538,9820.360237000003,928.3100380000018,0.0,0.0,0.0,0.0,0.0,0.0,0.0,0.0,0.0,1274.10003,0.0,0.0,0.0,0.0,0.0,0.0,1873.0400260000001,1873.0400260000001,1945.0800270000002,0.0,0.0,0.0,0.0,0.0,0.0,0.0,1439.60008,280.440004,31.469999,0.0,0.0,0.0,0.0,0.0,0.0,0.0,0.0,0.0,0.0,0.0,175.280007,0.0,0.0,0.0,0.0,0.0,0.0,0.0,12096.158898557833,10467.902928356823
2539,8909.639932000002,175.72000700000171,0.0,0.0,0.0,0.0,0.0,0.0,0.0,0.0,0.0,1260.89997,0.0,0.0,0.0,0.0,0.0,0.0,1586.0,1586.0,1647.0,0.0,0.0,0.0,0.0,0.0,0.0,0.0,1411.99996,282.839996,30.299999,0.0,0.0,0.0,0.0,0.0,0.0,0.0,0.0,0.0,0.0,0.0,0.0,0.0,0.0,928.88,0.0,0.0,0.0,0.0,12225.39965637341,10467.902928356823
2540,8770.689876000002,175.72000700000171,0.0,0.0,0.0,0.0,0.0,0.0,0.0,0.0,0.0,1238.84994,0.0,0.0,0.0,0.0,0.0,0.0,1565.459974,1565.459974,1625.669973,0.0,0.0,0.0,0.0,0.0,0.0,0.0,1356.3999999999999,272.040008,27.93,0.0,0.0,0.0,0.0,0.0,0.0,0.0,0.0,0.0,0.0,0.0,0.0,0.0,0.0,943.16,0.0,0.0,0.0,0.0,12186.445408362559,10467.902928356823
2541,8837.260121000003,0.44000000000170436,0.0,0.0,0.0,0.0,0.0,0.0,0.0,0.0,0.0,1250.400015,0.0,0.0,0.0,0.0,0.0,0.0,1572.7400519999999,1572.7400519999999,1633.2300539999999,0.0,0.0,0.0,0.0,0.0,0.0,0.0,1374.79996,276.079988,28.16,0.0,0.0,0.0,0.0,0.0,0.0,0.0,0.0,0.0,0.0,0.0,0.0,0.0,0.0,959.48,169.19,0.0,0.0,0.0,12214.601101616623,10467.902928356823
2542,8701.970103000001,0.44000000000170436,0.0,0.0,0.0,0.0,0.0,0.0,0.0,0.0,0.0,1245.600015,0.0,0.0,0.0,0.0,0.0,0.0,1534.0,1534.0,1593.0,0.0,0.0,0.0,0.0,0.0,0.0,0.0,1346.00008,274.600008,28.32,0.0,0.0,0.0,0.0,0.0,0.0,0.0,0.0,0.0,0.0,0.0,0.0,0.0,0.0,974.44,171.57000000000002,0.0,0.0,0.0,12315.267225302003,10467.902928356823
2543,8761.240124000002,0.44000000000170436,0.0,0.0,0.0,0.0,0.0,0.0,0.0,0.0,0.0,1267.65003,0.0,0.0,0.0,0.0,0.0,0.0,1506.700026,1506.700026,1564.650027,0.0,0.0,0.0,0.0,0.0,0.0,0.0,1377.2,277.040008,28.08,0.0,0.0,0.0,0.0,0.0,0.0,0.0,0.0,0.0,0.0,0.0,0.0,0.0,0.0,1054.0,178.780007,0.0,0.0,0.0,12322.2941090148,10467.902928356823
2544,8806.930019000001,1233.2200070000017,0.0,0.0,0.0,0.0,0.0,0.0,0.0,0.0,0.0,1271.850015,0.0,0.0,0.0,0.0,0.0,0.0,1512.939974,1512.939974,1571.129973,0.0,0.0,0.0,0.0,0.0,0.0,0.0,1393.20008,283.559996,28.09,0.0,0.0,0.0,0.0,0.0,0.0,0.0,0.0,0.0,0.0,0.0,0.0,0.0,0.0,0.0,0.0,0.0,0.0,0.0,12393.052930093645,10467.902928356823
2545,8964.770206000001,1233.2200070000017,0.0,0.0,0.0,0.0,0.0,0.0,0.0,0.0,0.0,1338.450045,0.0,0.0,0.0,0.0,0.0,0.0,1531.400052,1531.400052,1590.300054,0.0,0.0,0.0,0.0,0.0,0.0,0.0,1417.2,293.559996,29.24,0.0,0.0,0.0,0.0,0.0,0.0,0.0,0.0,0.0,0.0,0.0,0.0,0.0,0.0,0.0,0.0,0.0,0.0,0.0,12381.292499195739,10467.902928356823
2546,8418.77014,0.44000000000170436,0.0,0.0,0.0,0.0,0.0,0.0,0.0,0.0,0.0,1259.399985,0.0,0.0,0.0,0.0,0.0,0.0,1444.560026,1444.560026,1500.120027,0.0,0.0,0.0,0.0,0.0,0.0,0.0,1362.40004,285.880004,27.969999,0.0,0.0,0.0,0.0,0.0,0.0,0.0,0.0,0.0,0.0,0.0,0.0,0.0,0.0,0.0,0.0,1093.4400329999999,0.0,0.0,12211.987539939662,10467.902928356823
2547,8855.020105000001,0.44000000000170436,0.0,0.0,0.0,0.0,0.0,0.0,0.0,0.0,0.0,1284.300045,0.0,0.0,0.0,0.0,0.0,0.0,1520.48,1520.48,1578.9599999999998,0.0,0.0,0.0,0.0,0.0,0.0,0.0,1401.6000399999998,291.119996,28.290001,0.0,0.0,0.0,0.0,0.0,0.0,0.0,0.0,0.0,0.0,0.0,0.0,0.0,0.0,0.0,0.0,1086.870027,142.479996,0.0,12328.975488916332,10467.902928356823
2548,8754.899875000003,0.44000000000170436,0.0,0.0,0.0,0.0,0.0,0.0,0.0,0.0,0.0,1301.549955,0.0,0.0,0.0,0.0,0.0,0.0,1539.459974,1539.459974,1598.669973,0.0,0.0,0.0,0.0,0.0,0.0,0.0,1218.79996,291.920012,28.9,0.0,0.0,0.0,0.0,0.0,0.0,0.0,0.0,0.0,0.0,0.0,0.0,0.0,0.0,0.0,0.0,1091.9400329999999,143.759994,0.0,12400.745545232472,10467.902928356823
2549,8751.880102000001,0.44000000000170436,0.0,0.0,0.0,0.0,0.0,0.0,0.0,0.0,0.0,1278.300015,0.0,0.0,0.0,0.0,0.0,0.0,1549.8600259999998,1549.8600259999998,1609.4700269999998,0.0,0.0,0.0,0.0,0.0,0.0,0.0,1205.59996,284.320008,28.549999,0.0,0.0,0.0,0.0,0.0,0.0,0.0,0.0,0.0,0.0,0.0,0.0,0.0,0.0,0.0,0.0,1100.760039,144.720002,0.0,12341.178938659066,10467.902928356823
2550,8795.570137000002,0.44000000000170436,0.0,0.0,0.0,0.0,0.0,0.0,0.0,0.0,0.0,1288.65006,0.0,0.0,0.0,0.0,0.0,0.0,1575.8600259999998,1575.8600259999998,1636.4700269999998,0.0,0.0,0.0,0.0,0.0,0.0,0.0,1168.39996,277.239992,28.370001,0.0,0.0,0.0,0.0,0.0,0.0,0.0,0.0,0.0,0.0,0.0,0.0,0.0,0.0,0.0,0.0,1101.420045,142.86,0.0,12267.066186719065,10467.902928356823
2551,8780.830070000002,0.44000000000170436,0.0,0.0,0.0,0.0,0.0,0.0,0.0,0.0,0.0,1313.99997,0.0,0.0,0.0,0.0,0.0,0.0,1556.3600259999998,1556.3600259999998,1616.2200269999998,0.0,0.0,0.0,0.0,0.0,0.0,0.0,1180.0,280.320008,27.790001,0.0,0.0,0.0,0.0,0.0,0.0,0.0,0.0,0.0,0.0,0.0,0.0,0.0,0.0,0.0,0.0,1102.800018,146.539994,0.0,12282.574210692268,10467.902928356823
2552,8993.110006000003,0.44000000000170436,0.0,0.0,0.0,0.0,0.0,0.0,0.0,0.0,0.0,1439.700045,0.0,0.0,0.0,0.0,0.0,0.0,1586.0,1586.0,1647.0,0.0,0.0,0.0,0.0,0.0,0.0,0.0,1164.0,288.839996,27.09,0.0,0.0,0.0,0.0,0.0,0.0,0.0,0.0,0.0,0.0,0.0,0.0,0.0,0.0,0.0,0.0,1104.239961,149.800004,0.0,12542.017602464544,10467.902928356823
2553,8979.710126000002,150.2400040000017,0.0,0.0,0.0,0.0,0.0,0.0,0.0,0.0,0.0,1422.900015,0.0,0.0,0.0,0.0,0.0,0.0,1604.200026,1604.200026,1665.900027,0.0,0.0,0.0,0.0,0.0,0.0,0.0,1132.8,283.640016,27.1,0.0,0.0,0.0,0.0,0.0,0.0,0.0,0.0,0.0,0.0,0.0,0.0,0.0,0.0,0.0,0.0,1088.730012,0.0,0.0,12546.381567869696,10467.902928356823
2554,8852.950232000001,150.2400040000017,0.0,0.0,0.0,0.0,0.0,0.0,0.0,0.0,0.0,1419.75003,0.0,0.0,0.0,0.0,0.0,0.0,1563.900052,1563.900052,1624.050054,0.0,0.0,0.0,0.0,0.0,0.0,0.0,1136.4,288.440004,26.42,0.0,0.0,0.0,0.0,0.0,0.0,0.0,0.0,0.0,0.0,0.0,0.0,0.0,0.0,0.0,0.0,1079.850036,0.0,0.0,12498.871539374779,10467.902928356823
2555,8707.170154000001,0.44000000000170436,0.0,0.0,0.0,0.0,0.0,0.0,0.0,0.0,0.0,1414.8,0.0,0.0,0.0,0.0,0.0,0.0,1500.200026,1500.200026,1557.900027,0.0,0.0,0.0,0.0,0.0,0.0,0.0,1171.60004,297.0,27.299999,0.0,0.0,0.0,0.0,0.0,0.0,0.0,0.0,0.0,0.0,0.0,0.0,0.0,0.0,0.0,0.0,1088.100036,0.0,149.63,12520.198985994044,10467.902928356823
2556,8663.379901000004,0.44000000000170436,0.0,0.0,0.0,0.0,0.0,0.0,0.0,0.0,0.0,1416.45,0.0,0.0,0.0,0.0,0.0,0.0,1502.2799739999998,1502.2799739999998,1560.059973,0.0,0.0,0.0,0.0,0.0,0.0,0.0,1152.39996,299.040008,26.93,0.0,0.0,0.0,0.0,0.0,0.0,0.0,0.0,0.0,0.0,0.0,0.0,0.0,0.0,0.0,0.0,1053.480012,0.0,150.01999999999998,12499.438555073948,10467.902928356823
2557,8648.390165000003,0.44000000000170436,0.0,0.0,0.0,0.0,0.0,0.0,0.0,0.0,0.0,1397.85003,0.0,0.0,0.0,0.0,0.0,0.0,1500.200026,1500.200026,1557.900027,0.0,0.0,0.0,0.0,0.0,0.0,0.0,1158.00004,301.839996,27.469999,0.0,0.0,0.0,0.0,0.0,0.0,0.0,0.0,0.0,0.0,0.0,0.0,0.0,0.0,0.0,0.0,1050.9600209999999,0.0,153.53,12564.799303165932,10467.902928356823
2558,8883.099821000003,0.44000000000170436,0.0,0.0,0.0,0.0,0.0,0.0,0.0,0.0,0.0,1409.10003,0.0,0.0,0.0,0.0,0.0,0.0,1547.2599480000001,1547.2599480000001,1606.7699460000001,0.0,0.0,0.0,0.0,0.0,0.0,0.0,1188.39996,339.399992,28.35,0.0,0.0,0.0,0.0,0.0,0.0,0.0,0.0,0.0,0.0,0.0,0.0,0.0,0.0,0.0,0.0,1056.089997,0.0,160.03,12665.416065289648,10515.88081677846
